logged_at,season,week,game_id,game,home,away,kickoff_utc,market,status,pick,action,side,yes_team,opp,strike,total_under,price_cents,price_dollars,fee,model_prob,edge_cents,model_line,model_total,ticker,market_title,home_pts,away_pts,yes_outcome,result,units,graded_by,graded_at,check
2026-09-30T19:02:34+00:00,2026,5,401871049,Western Kentucky @ New Mexico State,New Mexico State,Western Kentucky,2026-10-02T00:00:00.000Z,winner,PASS,New Mexico State to WIN the game,BUY NO,NO,Western Kentucky,New Mexico State,,,56,0.56,0.0172,0.517,-6.0,New Mexico State -0.6,59.2,KXNCAAFGAME-26OCT01WKUNMSU-WKU,Western Kentucky wins,34.0,13.0,False,W,0.7325,kalshi,2026-10-02T23:17:47+00:00,
2026-09-30T19:02:34+00:00,2026,5,401871049,Western Kentucky @ New Mexico State,New Mexico State,Western Kentucky,2026-10-02T00:00:00.000Z,spread,LEAN,"New Mexico State wins by 1 or fewer, or loses",BUY NO,NO,New Mexico State,Western Kentucky,1.5,,48,0.48,0.0175,0.509,1.1,New Mexico State -0.6,59.2,KXNCAAFSPREAD-26OCT01WKUNMSU-NMSU2,New Mexico St. wins by over 1.5 points,34.0,13.0,True,L,-1.0,kalshi,2026-10-02T23:17:47+00:00,
2026-09-30T19:02:34+00:00,2026,5,401871049,Western Kentucky @ New Mexico State,New Mexico State,Western Kentucky,2026-10-02T00:00:00.000Z,total,LEAN,OVER 56.5 total points,BUY YES,YES,,,56.5,False,52,0.52,0.0175,0.563,2.5,New Mexico State -0.6,59.2,KXNCAAFTOTAL-26OCT01WKUNMSU-57,Full Game: Over 56.5 points scored,34.0,13.0,False,L,-1.0,kalshi,2026-10-02T23:17:47+00:00,
2026-09-30T19:02:34+00:00,2026,5,401862786,North Texas @ Tulsa,Tulsa,North Texas,2026-10-02T01:00:00.000Z,winner,BET,North Texas to WIN the game,BUY YES,YES,North Texas,Tulsa,,,49,0.49,0.0175,0.739,23.1,North Texas -9.8,59.8,KXNCAAFGAME-26OCT01UNTTLSA-UNT,North Texas wins,44.0,45.0,True,W,0.9704,kalshi,2026-10-02T23:17:47+00:00,
2026-09-30T19:02:34+00:00,2026,5,401862786,North Texas @ Tulsa,Tulsa,North Texas,2026-10-02T01:00:00.000Z,spread,BET,North Texas wins by MORE than 7.5,BUY YES,YES,North Texas,Tulsa,7.5,,25,0.25,0.0131,0.559,29.6,North Texas -9.8,59.8,KXNCAAFSPREAD-26OCT01UNTTLSA-UNT8,North Texas wins by over 7.5 points,44.0,45.0,False,L,-1.0,kalshi,2026-10-02T23:17:47+00:00,
2026-09-30T19:02:34+00:00,2026,5,401862786,North Texas @ Tulsa,Tulsa,North Texas,2026-10-02T01:00:00.000Z,total,BET,OVER 59.5 total points,BUY YES,YES,,,59.5,False,43,0.43,0.0172,0.51,6.3,North Texas -9.8,59.8,KXNCAAFTOTAL-26OCT01UNTTLSA-60,Over 59.5 points scored,44.0,45.0,True,W,1.2361,kalshi,2026-10-02T23:17:47+00:00,
2026-09-30T19:02:34+00:00,2026,5,401858245,Pittsburgh @ Virginia Tech,Virginia Tech,Pittsburgh,2026-10-02T23:00:00.000Z,winner,BET,Pittsburgh to WIN the game,BUY NO,NO,Virginia Tech,Pittsburgh,,,41,0.41,0.0169,0.591,16.4,Pittsburgh -3.6,59.7,KXNCAAFGAME-26OCT02PITTVT-VT,Virginia Tech wins,33.0,35.0,False,W,1.3425,kalshi,2026-10-03T18:41:15+00:00,
2026-09-30T19:02:34+00:00,2026,5,401858245,Pittsburgh @ Virginia Tech,Virginia Tech,Pittsburgh,2026-10-02T23:00:00.000Z,spread,BET,"Virginia Tech wins by 2 or fewer, or loses",BUY NO,NO,Virginia Tech,Pittsburgh,2.5,,44,0.44,0.0172,0.644,18.7,Pittsburgh -3.6,59.7,KXNCAAFSPREAD-26OCT02PITTVT-VT3,Virginia Tech wins by over 2.5 points,33.0,35.0,False,W,1.1872,kalshi,2026-10-03T18:41:15+00:00,
2026-09-30T19:02:34+00:00,2026,5,401858245,Pittsburgh @ Virginia Tech,Virginia Tech,Pittsburgh,2026-10-02T23:00:00.000Z,total,BET,OVER 55.5 total points,BUY YES,YES,,,55.5,False,48,0.48,0.0175,0.595,9.8,Pittsburgh -3.6,59.7,KXNCAAFTOTAL-26OCT02PITTVT-56,Over 55.5 points scored,33.0,35.0,True,W,1.0101,kalshi,2026-10-03T18:41:15+00:00,
2026-09-30T19:02:34+00:00,2026,5,401871050,Liberty @ Delaware,Delaware,Liberty,2026-10-02T23:00:00.000Z,winner,PASS,Liberty to WIN the game,BUY NO,NO,Delaware,Liberty,,,72,0.72,0.0141,0.55,-18.4,Liberty -1.7,46.9,KXNCAAFGAME-26OCT02LIBDEL-DEL,Delaware wins,14.0,30.0,False,W,0.3622,kalshi,2026-10-03T18:41:15+00:00,
2026-09-30T19:02:34+00:00,2026,5,401871050,Liberty @ Delaware,Delaware,Liberty,2026-10-02T23:00:00.000Z,spread,BET,"Liberty wins by 5 or fewer, or loses",BUY NO,NO,Liberty,Delaware,5.5,,41,0.41,0.0169,0.593,16.6,Liberty -1.7,46.9,KXNCAAFSPREAD-26OCT02LIBDEL-LIB6,Liberty wins by over 5.5 points,14.0,30.0,True,L,-1.0,kalshi,2026-10-03T18:41:15+00:00,
2026-09-30T19:02:34+00:00,2026,5,401871050,Liberty @ Delaware,Delaware,Liberty,2026-10-02T23:00:00.000Z,total,BET,UNDER 48.5 total points,BUY NO,NO,,,48.5,False,44,0.44,0.0172,0.537,8.0,Liberty -1.7,46.9,KXNCAAFTOTAL-26OCT02LIBDEL-49,Over 48.5 points scored,14.0,30.0,False,W,1.1872,kalshi,2026-10-03T18:41:15+00:00,
2026-09-30T19:02:34+00:00,2026,5,401858476,Penn State @ Northwestern,Northwestern,Penn State,2026-10-03T00:00:00.000Z,winner,PASS,Penn State to WIN the game,BUY YES,YES,Penn State,Northwestern,,,58,0.58,0.0171,0.551,-4.6,Penn State -1.9,44.2,KXNCAAFGAME-26OCT02PSUNW-PSU,Penn St. wins,34.0,13.0,False,L,-1.0,kalshi,2026-10-03T18:41:15+00:00,
2026-09-30T19:02:34+00:00,2026,5,401858476,Penn State @ Northwestern,Northwestern,Penn State,2026-10-03T00:00:00.000Z,spread,LEAN,"Penn State wins by 2 or fewer, or loses",BUY NO,NO,Penn State,Northwestern,2.5,,47,0.47,0.0174,0.504,1.7,Penn State -1.9,44.2,KXNCAAFSPREAD-26OCT02PSUNW-PSU3,Penn St. wins by over 2.5 points,34.0,13.0,False,W,1.0517,kalshi,2026-10-03T18:41:15+00:00,
2026-09-30T19:02:34+00:00,2026,5,401858476,Penn State @ Northwestern,Northwestern,Penn State,2026-10-03T00:00:00.000Z,total,LEAN,UNDER 46.5 total points,BUY NO,NO,,,46.5,False,53,0.53,0.0174,0.561,1.4,Penn State -1.9,44.2,KXNCAAFTOTAL-26OCT02PSUNW-47,Over 46.5 points scored,34.0,13.0,True,L,-1.0,kalshi,2026-10-03T18:41:15+00:00,
2026-09-30T19:02:34+00:00,2026,5,401856822,West Virginia @ Iowa State,Iowa State,West Virginia,2026-10-03T16:00:00.000Z,winner,BET,Iowa State to WIN the game,BUY NO,NO,West Virginia,Iowa State,,,60,0.6,0.0168,0.745,12.8,Iowa State -10.3,53.8,KXNCAAFGAME-26OCT03WVUISU-WVU,West Virginia wins,45.0,42.0,False,W,0.6213,kalshi,2026-10-05T17:27:28+00:00,
2026-09-30T19:02:34+00:00,2026,5,401856822,West Virginia @ Iowa State,Iowa State,West Virginia,2026-10-03T16:00:00.000Z,spread,BET,Iowa State wins by MORE than 7.5,BUY YES,YES,Iowa State,West Virginia,7.5,,35,0.35,0.0159,0.564,19.8,Iowa State -10.3,53.8,KXNCAAFSPREAD-26OCT03WVUISU-ISU8,Iowa St. wins by over 7.5 points,45.0,42.0,False,L,-1.0,kalshi,2026-10-05T17:27:28+00:00,
2026-09-30T19:02:34+00:00,2026,5,401856822,West Virginia @ Iowa State,Iowa State,West Virginia,2026-10-03T16:00:00.000Z,total,PASS,OVER 51.5 total points,BUY YES,YES,,,51.5,False,55,0.55,0.0173,0.562,-0.5,Iowa State -10.3,53.8,KXNCAAFTOTAL-26OCT03WVUISU-52,Over 51.5 points scored,45.0,42.0,True,W,0.7627,kalshi,2026-10-05T17:27:28+00:00,
2026-09-30T19:02:34+00:00,2026,5,401856819,UCF @ Houston,Houston,UCF,2026-10-03T16:00:00.000Z,winner,PASS,Houston to WIN the game,BUY NO,NO,UCF,Houston,,,80,0.8,0.0112,0.656,-15.6,Houston -6.3,55.9,KXNCAAFGAME-26OCT03UCFHOU-UCF,UCF wins,27.0,17.0,False,W,0.2327,kalshi,2026-10-05T17:27:28+00:00,
2026-09-30T19:02:34+00:00,2026,5,401856819,UCF @ Houston,Houston,UCF,2026-10-03T16:00:00.000Z,spread,BET,"Houston wins by 6 or fewer, or loses",BUY NO,NO,Houston,UCF,6.5,,35,0.35,0.0159,0.507,14.1,Houston -6.3,55.9,KXNCAAFSPREAD-26OCT03UCFHOU-HOU7,Houston wins by over 6.5 points,27.0,17.0,True,L,-1.0,kalshi,2026-10-05T17:27:28+00:00,
2026-09-30T19:02:34+00:00,2026,5,401856819,UCF @ Houston,Houston,UCF,2026-10-03T16:00:00.000Z,total,BET,OVER 52.5 total points,BUY YES,YES,,,52.5,False,47,0.47,0.0174,0.585,9.7,Houston -6.3,55.9,KXNCAAFTOTAL-26OCT03UCFHOU-53,Over 52.5 points scored,27.0,17.0,False,L,-1.0,kalshi,2026-10-05T17:27:28+00:00,
2026-09-30T19:02:34+00:00,2026,5,401856807,Middle Tennessee @ Kansas,Kansas,Middle Tennessee,2026-10-03T16:00:00.000Z,winner,PASS,Kansas to WIN the game,BUY NO,NO,Middle Tennessee,Kansas,,,91,0.91,0.0057,0.758,-15.8,Kansas -11.0,49.0,KXNCAAFGAME-26OCT03MTUKU-MTU,Middle Tennessee wins,55.0,0.0,False,W,0.0921,kalshi,2026-10-05T17:27:28+00:00,
2026-09-30T19:02:34+00:00,2026,5,401856807,Middle Tennessee @ Kansas,Kansas,Middle Tennessee,2026-10-03T16:00:00.000Z,spread,BET,"Kansas wins by 13 or fewer, or loses",BUY NO,NO,Kansas,Middle Tennessee,13.5,,36,0.36,0.0161,0.571,19.5,Kansas -11.0,49.0,KXNCAAFSPREAD-26OCT03MTUKU-KU14,Kansas wins by over 13.5 points,55.0,0.0,True,L,-1.0,kalshi,2026-10-05T17:27:28+00:00,
2026-09-30T19:02:34+00:00,2026,5,401856807,Middle Tennessee @ Kansas,Kansas,Middle Tennessee,2026-10-03T16:00:00.000Z,total,PASS,UNDER 49.5 total points,BUY NO,NO,,,49.5,False,51,0.51,0.0175,0.507,-2.0,Kansas -11.0,49.0,KXNCAAFTOTAL-26OCT03MTUKU-50,Full Game: Over 49.5 points scored,55.0,0.0,True,L,-1.0,kalshi,2026-10-05T17:27:28+00:00,
2026-09-30T19:02:34+00:00,2026,5,401858246,Boston College @ SMU,SMU,Boston College,2026-10-03T16:00:00.000Z,winner,PASS,SMU to WIN the game,BUY YES,YES,SMU,Boston College,,,92,0.92,0.0052,0.892,-3.3,SMU -19.0,46.7,KXNCAAFGAME-26OCT03BCSMU-SMU,SMU wins,25.0,16.0,True,W,0.0808,kalshi,2026-10-05T17:27:28+00:00,
2026-09-30T19:02:34+00:00,2026,5,401858246,Boston College @ SMU,SMU,Boston College,2026-10-03T16:00:00.000Z,spread,BET,"SMU wins by 20 or fewer, or loses",BUY NO,NO,SMU,Boston College,20.5,,47,0.47,0.0174,0.547,5.9,SMU -19.0,46.7,KXNCAAFSPREAD-26OCT03BCSMU-SMU21,SMU wins by over 20.5 points,25.0,16.0,False,W,1.0517,kalshi,2026-10-05T17:27:28+00:00,
2026-09-30T19:02:34+00:00,2026,5,401858246,Boston College @ SMU,SMU,Boston College,2026-10-03T16:00:00.000Z,total,BET,UNDER 49.5 total points,BUY NO,NO,,,49.5,False,36,0.36,0.0161,0.563,18.7,SMU -19.0,46.7,KXNCAAFTOTAL-26OCT03BCSMU-50,Over 49.5 points scored,25.0,16.0,False,W,1.6589,kalshi,2026-10-05T17:27:28+00:00,
2026-09-30T19:02:34+00:00,2026,5,401856707,Alabama @ Mississippi State,Mississippi State,Alabama,2026-10-03T16:00:00.000Z,winner,LEAN,Alabama to WIN the game,BUY NO,NO,Mississippi State,Alabama,,,68,0.68,0.0152,0.709,1.4,Alabama -8.6,74.6,KXNCAAFGAME-26OCT03ALAMSST-MSST,Mississippi St. wins,23.0,56.0,False,W,0.4384,kalshi,2026-10-05T17:27:28+00:00,
2026-09-30T19:02:34+00:00,2026,5,401856707,Alabama @ Mississippi State,Mississippi State,Alabama,2026-10-03T16:00:00.000Z,spread,BET,Alabama wins by MORE than 7.5,BUY YES,YES,Alabama,Mississippi State,7.5,,42,0.42,0.0171,0.526,8.9,Alabama -8.6,74.6,KXNCAAFSPREAD-26OCT03ALAMSST-ALA8,Alabama wins by over 7.5 points,23.0,56.0,True,W,1.2878,kalshi,2026-10-05T17:27:28+00:00,
2026-09-30T19:02:34+00:00,2026,5,401856707,Alabama @ Mississippi State,Mississippi State,Alabama,2026-10-03T16:00:00.000Z,total,BET,OVER 66.5 total points,BUY YES,YES,,,66.5,False,36,0.36,0.0161,0.695,31.8,Alabama -8.6,74.6,KXNCAAFTOTAL-26OCT03ALAMSST-67,Over 66.5 points scored,23.0,56.0,True,W,1.6589,kalshi,2026-10-05T17:27:28+00:00,
2026-09-30T19:02:34+00:00,2026,5,401858250,Notre Dame @ North Carolina,North Carolina,Notre Dame,2026-10-03T16:00:00.000Z,winner,PASS,Notre Dame to WIN the game,BUY NO,NO,North Carolina,Notre Dame,,,94,0.94,0.0039,0.927,-1.7,Notre Dame -22.6,40.7,KXNCAAFGAME-26OCT03NDUNC-UNC,North Carolina wins,26.0,37.0,False,W,0.0594,kalshi,2026-10-05T17:27:28+00:00,
2026-09-30T19:02:34+00:00,2026,5,401858250,Notre Dame @ North Carolina,North Carolina,Notre Dame,2026-10-03T16:00:00.000Z,spread,PASS,Notre Dame wins by MORE than 21.5,BUY YES,YES,Notre Dame,North Carolina,21.5,,49,0.49,0.0175,0.507,-0.1,Notre Dame -22.6,40.7,KXNCAAFSPREAD-26OCT03NDUNC-ND22,Notre Dame wins by over 21.5 points,26.0,37.0,False,L,-1.0,kalshi,2026-10-05T17:27:28+00:00,
2026-09-30T19:02:34+00:00,2026,5,401858250,Notre Dame @ North Carolina,North Carolina,Notre Dame,2026-10-03T16:00:00.000Z,total,BET,UNDER 42.5 total points,BUY NO,NO,,,42.5,False,38,0.38,0.0165,0.528,13.1,Notre Dame -22.6,40.7,KXNCAAFTOTAL-26OCT03NDUNC-43,Over 42.5 points scored,26.0,37.0,True,L,-1.0,kalshi,2026-10-05T17:27:28+00:00,
2026-09-30T19:02:34+00:00,2026,5,401858474,Michigan @ Minnesota,Minnesota,Michigan,2026-10-03T16:00:00.000Z,winner,PASS,Michigan to WIN the game,BUY NO,NO,Minnesota,Michigan,,,67,0.67,0.0155,0.557,-12.8,Michigan -2.5,43.7,KXNCAAFGAME-26OCT03MICHMINN-MINN,Minnesota wins,20.0,14.0,True,L,-1.0,kalshi,2026-10-05T17:27:28+00:00,
2026-09-30T19:02:34+00:00,2026,5,401858474,Michigan @ Minnesota,Minnesota,Michigan,2026-10-03T16:00:00.000Z,spread,BET,"Michigan wins by 5 or fewer, or loses",BUY NO,NO,Michigan,Minnesota,5.5,,49,0.49,0.0175,0.578,7.0,Michigan -2.5,43.7,KXNCAAFSPREAD-26OCT03MICHMINN-MICH6,Michigan wins by over 5.5 points,20.0,14.0,False,W,0.9704,kalshi,2026-10-05T17:27:28+00:00,
2026-09-30T19:02:34+00:00,2026,5,401858474,Michigan @ Minnesota,Minnesota,Michigan,2026-10-03T16:00:00.000Z,total,PASS,OVER 43.5 total points,BUY YES,YES,,,43.5,False,50,0.5,0.0175,0.5,-1.7,Michigan -2.5,43.7,KXNCAAFTOTAL-26OCT03MICHMINN-44,Over 43.5 points scored,20.0,14.0,False,L,-1.0,kalshi,2026-10-05T17:27:28+00:00,
2026-09-30T19:02:34+00:00,2026,5,401862791,Navy @ Air Force,Air Force,Navy,2026-10-03T16:00:00.000Z,winner,BET,Navy to WIN the game,BUY NO,NO,Air Force,Navy,,,41,0.41,0.0169,0.52,9.3,Navy -0.8,61.3,KXNCAAFGAME-26OCT03NAVYAFA-AFA,Air Force wins,14.0,9.0,True,L,-1.0,kalshi,2026-10-05T17:27:28+00:00,
2026-09-30T19:02:34+00:00,2026,5,401862791,Navy @ Air Force,Air Force,Navy,2026-10-03T16:00:00.000Z,spread,BET,"Air Force wins by 2 or fewer, or loses",BUY NO,NO,Air Force,Navy,2.5,,44,0.44,0.0172,0.575,11.8,Navy -0.8,61.3,KXNCAAFSPREAD-26OCT03NAVYAFA-AFA3,Air Force wins by over 2.5 points,14.0,9.0,True,L,-1.0,kalshi,2026-10-05T17:27:28+00:00,
2026-09-30T19:02:34+00:00,2026,5,401862791,Navy @ Air Force,Air Force,Navy,2026-10-03T16:00:00.000Z,total,BET,OVER 52.5 total points,BUY YES,YES,,,52.5,False,35,0.35,0.0159,0.708,34.2,Navy -0.8,61.3,KXNCAAFTOTAL-26OCT03NAVYAFA-53,Over 52.5 points scored,14.0,9.0,False,L,-1.0,kalshi,2026-10-05T17:27:28+00:00,
2026-09-30T19:02:34+00:00,2026,5,401858252,Syracuse @ UConn,UConn,Syracuse,2026-10-03T16:00:00.000Z,winner,BET,UConn to WIN the game,BUY NO,NO,Syracuse,UConn,,,32,0.32,0.0152,0.676,34.1,UConn -7.4,56.1,KXNCAAFGAME-26OCT03SYRCONN-SYR,Syracuse wins,41.0,42.0,True,L,-1.0,kalshi,2026-10-05T17:27:28+00:00,
2026-09-30T19:02:34+00:00,2026,5,401858252,Syracuse @ UConn,UConn,Syracuse,2026-10-03T16:00:00.000Z,spread,BET,UConn wins by MORE than 3.5,BUY YES,YES,UConn,Syracuse,3.5,,25,0.25,0.0131,0.597,33.4,UConn -7.4,56.1,KXNCAAFSPREAD-26OCT03SYRCONN-CONN4,UConn wins by over 3.5 points,41.0,42.0,False,L,-1.0,kalshi,2026-10-05T17:27:28+00:00,
2026-09-30T19:02:34+00:00,2026,5,401858252,Syracuse @ UConn,UConn,Syracuse,2026-10-03T16:00:00.000Z,total,BET,OVER 55.5 total points,BUY YES,YES,,,55.5,False,36,0.36,0.0161,0.521,14.5,UConn -7.4,56.1,KXNCAAFTOTAL-26OCT03SYRCONN-56,Over 55.5 points scored,41.0,42.0,True,W,1.6589,kalshi,2026-10-05T17:27:28+00:00,
2026-09-30T19:02:34+00:00,2026,5,401858251,Stanford @ Wake Forest,Wake Forest,Stanford,2026-10-03T16:00:00.000Z,winner,LEAN,Wake Forest to WIN the game,BUY NO,NO,Stanford,Wake Forest,,,82,0.82,0.0103,0.835,0.4,Wake Forest -14.9,51.1,KXNCAAFGAME-26OCT03STANWAKE-STAN,Stanford wins,57.0,3.0,False,W,0.2044,kalshi,2026-10-05T17:27:28+00:00,
2026-09-30T19:02:34+00:00,2026,5,401858251,Stanford @ Wake Forest,Wake Forest,Stanford,2026-10-03T16:00:00.000Z,spread,LEAN,Wake Forest wins by MORE than 14.5,BUY YES,YES,Wake Forest,Stanford,14.5,,44,0.44,0.0172,0.507,4.9,Wake Forest -14.9,51.1,KXNCAAFSPREAD-26OCT03STANWAKE-WAKE15,Wake Forest wins by over 14.5 points,57.0,3.0,True,W,1.1872,kalshi,2026-10-05T17:27:28+00:00,
2026-09-30T19:02:34+00:00,2026,5,401858251,Stanford @ Wake Forest,Wake Forest,Stanford,2026-10-03T16:00:00.000Z,total,LEAN,UNDER 52.5 total points,BUY NO,NO,,,52.5,False,46,0.46,0.0174,0.525,4.7,Wake Forest -14.9,51.1,KXNCAAFTOTAL-26OCT03STANWAKE-53,Over 52.5 points scored,57.0,3.0,True,L,-1.0,kalshi,2026-10-05T17:27:28+00:00,
2026-09-30T19:02:34+00:00,2026,5,401858479,Michigan State @ Wisconsin,Wisconsin,Michigan State,2026-10-03T16:30:00.000Z,winner,PASS,Wisconsin to WIN the game,BUY NO,NO,Michigan State,Wisconsin,,,78,0.78,0.012,0.616,-17.6,Wisconsin -4.5,37.6,KXNCAAFGAME-26OCT03MSUWIS-MSU,Michigan St. wins,31.0,3.0,False,W,0.2626,kalshi,2026-10-05T17:27:28+00:00,
2026-09-30T19:02:34+00:00,2026,5,401858479,Michigan State @ Wisconsin,Wisconsin,Michigan State,2026-10-03T16:30:00.000Z,spread,BET,"Wisconsin wins by 5 or fewer, or loses",BUY NO,NO,Wisconsin,Michigan State,5.5,,36,0.36,0.0161,0.529,15.3,Wisconsin -4.5,37.6,KXNCAAFSPREAD-26OCT03MSUWIS-WIS6,Wisconsin wins by over 5.5 points,31.0,3.0,True,L,-1.0,kalshi,2026-10-05T17:27:28+00:00,
2026-09-30T19:02:34+00:00,2026,5,401858479,Michigan State @ Wisconsin,Wisconsin,Michigan State,2026-10-03T16:30:00.000Z,total,BET,UNDER 39.5 total points,BUY NO,NO,,,39.5,False,40,0.4,0.0168,0.536,11.9,Wisconsin -4.5,37.6,KXNCAAFTOTAL-26OCT03MSUWIS-40,Over 39.5 points scored,31.0,3.0,False,W,1.3992,kalshi,2026-10-05T17:27:28+00:00,
2026-09-30T19:02:34+00:00,2026,5,401856705,Vanderbilt @ Georgia,Georgia,Vanderbilt,2026-10-03T16:45:00.000Z,winner,PASS,Georgia to WIN the game,BUY NO,NO,Vanderbilt,Georgia,,,96,0.96,0.0027,0.891,-7.1,Georgia -18.6,61.3,KXNCAAFGAME-26OCT03VANUGA-VAN,Vanderbilt wins,38.0,14.0,False,W,0.0387,kalshi,2026-10-05T17:27:28+00:00,
2026-09-30T19:02:34+00:00,2026,5,401856705,Vanderbilt @ Georgia,Georgia,Vanderbilt,2026-10-03T16:45:00.000Z,spread,BET,"Georgia wins by 20 or fewer, or loses",BUY NO,NO,Georgia,Vanderbilt,20.5,,38,0.38,0.0165,0.54,14.4,Georgia -18.6,61.3,KXNCAAFSPREAD-26OCT03VANUGA-UGA21,Georgia wins by over 20.5 points,38.0,14.0,True,L,-1.0,kalshi,2026-10-05T17:27:28+00:00,
2026-09-30T19:02:34+00:00,2026,5,401856705,Vanderbilt @ Georgia,Georgia,Vanderbilt,2026-10-03T16:45:00.000Z,total,BET,OVER 56.5 total points,BUY YES,YES,,,56.5,False,35,0.35,0.0159,0.618,25.2,Georgia -18.6,61.3,KXNCAAFTOTAL-26OCT03VANUGA-57,Over 56.5 points scored,38.0,14.0,False,L,-1.0,kalshi,2026-10-05T17:27:28+00:00,
2026-09-30T19:02:34+00:00,2026,5,401866432,Western Michigan @ Buffalo,Buffalo,Western Michigan,2026-10-03T17:00:00.000Z,winner,PASS,Western Michigan to WIN the game,BUY YES,YES,Western Michigan,Buffalo,,,84,0.84,0.0094,0.808,-4.1,Western Michigan -13.3,44.9,KXNCAAFGAME-26OCT03WMUBUFF-WMU,Western Michigan wins,17.0,20.0,True,W,0.1773,kalshi,2026-10-05T17:27:28+00:00,
2026-09-30T19:02:34+00:00,2026,5,401866432,Western Michigan @ Buffalo,Buffalo,Western Michigan,2026-10-03T17:00:00.000Z,spread,PASS,"Western Michigan wins by 13 or fewer, or loses",BUY NO,NO,Western Michigan,Buffalo,13.5,,50,0.5,0.0175,0.511,-0.7,Western Michigan -13.3,44.9,KXNCAAFSPREAD-26OCT03WMUBUFF-WMU14,Western Michigan wins by over 13.5 points,17.0,20.0,False,W,0.9324,kalshi,2026-10-05T17:27:28+00:00,
2026-09-30T19:02:34+00:00,2026,5,401866432,Western Michigan @ Buffalo,Buffalo,Western Michigan,2026-10-03T17:00:00.000Z,total,LEAN,UNDER 46.5 total points,BUY NO,NO,,,46.5,False,50,0.5,0.0175,0.533,1.5,Western Michigan -13.3,44.9,KXNCAAFTOTAL-26OCT03WMUBUFF-47,Full Game: Over 46.5 points scored,17.0,20.0,False,W,0.9324,kalshi,2026-10-05T17:27:28+00:00,
2026-09-30T19:02:34+00:00,2026,5,401866431,Toledo @ Ball State,Ball State,Toledo,2026-10-03T18:00:00.000Z,winner,PASS,Toledo to WIN the game,BUY YES,YES,Toledo,Ball State,,,91,0.91,0.0057,0.897,-1.9,Toledo -19.4,61.6,KXNCAAFGAME-26OCT03TOLBALL-TOL,Toledo wins,24.0,39.0,True,W,0.0921,kalshi,2026-10-05T17:27:28+00:00,
2026-09-30T19:02:34+00:00,2026,5,401866431,Toledo @ Ball State,Ball State,Toledo,2026-10-03T18:00:00.000Z,spread,LEAN,Toledo wins by MORE than 17.5,BUY YES,YES,Toledo,Ball State,17.5,,53,0.53,0.0174,0.55,0.3,Toledo -19.4,61.6,KXNCAAFSPREAD-26OCT03TOLBALL-TOL18,Toledo wins by over 17.5 points,24.0,39.0,False,L,-1.0,kalshi,2026-10-05T17:27:28+00:00,
2026-09-30T19:02:34+00:00,2026,5,401866431,Toledo @ Ball State,Ball State,Toledo,2026-10-03T18:00:00.000Z,total,BET,OVER 58.5 total points,BUY YES,YES,,,58.5,False,34,0.34,0.0157,0.577,22.2,Toledo -19.4,61.6,KXNCAAFTOTAL-26OCT03TOLBALL-59,Over 58.5 points scored,24.0,39.0,True,W,1.8114,kalshi,2026-10-05T17:27:28+00:00,
2026-09-30T19:02:34+00:00,2026,5,401856710,Auburn @ Tennessee,Tennessee,Auburn,2026-10-03T19:30:00.000Z,winner,PASS,Tennessee to WIN the game,BUY NO,NO,Auburn,Tennessee,,,72,0.72,0.0141,0.714,-2.0,Tennessee -9.0,58.8,KXNCAAFGAME-26OCT03AUBTENN-AUB,Auburn wins,24.0,14.0,False,W,0.3622,kalshi,2026-10-05T17:27:28+00:00,
2026-09-30T19:02:34+00:00,2026,5,401856710,Auburn @ Tennessee,Tennessee,Auburn,2026-10-03T19:30:00.000Z,spread,LEAN,Tennessee wins by MORE than 7.5,BUY YES,YES,Tennessee,Auburn,7.5,,48,0.48,0.0175,0.536,3.8,Tennessee -9.0,58.8,KXNCAAFSPREAD-26OCT03AUBTENN-TENN8,Tennessee wins by over 7.5 points,24.0,14.0,True,W,1.0101,kalshi,2026-10-05T17:27:28+00:00,
2026-09-30T19:02:34+00:00,2026,5,401856710,Auburn @ Tennessee,Tennessee,Auburn,2026-10-03T19:30:00.000Z,total,BET,OVER 55.5 total points,BUY YES,YES,,,55.5,False,45,0.45,0.0173,0.579,11.1,Tennessee -9.0,58.8,KXNCAAFTOTAL-26OCT03AUBTENN-56,Over 55.5 points scored,24.0,14.0,False,L,-1.0,kalshi,2026-10-05T17:27:28+00:00,
2026-09-30T19:02:34+00:00,2026,5,401866430,Akron @ Central Michigan,Central Michigan,Akron,2026-10-03T19:30:00.000Z,winner,PASS,Central Michigan to WIN the game,BUY YES,YES,Central Michigan,Akron,,,70,0.7,0.0147,0.699,-1.6,Central Michigan -8.1,41.1,KXNCAAFGAME-26OCT03AKRCMU-CMU,Central Michigan wins,41.0,17.0,True,W,0.3992,kalshi,2026-10-05T17:27:28+00:00,
2026-09-30T19:02:34+00:00,2026,5,401866430,Akron @ Central Michigan,Central Michigan,Akron,2026-10-03T19:30:00.000Z,spread,BET,Central Michigan wins by MORE than 7.5,BUY YES,YES,Central Michigan,Akron,7.5,,43,0.43,0.0172,0.509,6.2,Central Michigan -8.1,41.1,KXNCAAFSPREAD-26OCT03AKRCMU-CMU8,Central Michigan wins by over 7.5 points,41.0,17.0,True,W,1.2361,kalshi,2026-10-05T17:27:28+00:00,
2026-09-30T19:02:34+00:00,2026,5,401866430,Akron @ Central Michigan,Central Michigan,Akron,2026-10-03T19:30:00.000Z,total,BET,UNDER 45.5 total points,BUY NO,NO,,,45.5,False,46,0.46,0.0174,0.605,12.7,Central Michigan -8.1,41.1,KXNCAAFTOTAL-26OCT03AKRCMU-46,Over 45.5 points scored,41.0,17.0,True,L,-1.0,kalshi,2026-10-05T17:27:28+00:00,
2026-09-30T19:02:34+00:00,2026,5,401866477,Bowling Green @ Miami (OH),Miami (OH),Bowling Green,2026-10-03T19:30:00.000Z,winner,LEAN,Miami (OH) to WIN the game,BUY YES,YES,Miami (OH),Bowling Green,,,84,0.84,0.0094,0.872,2.3,Miami (OH) -17.1,41.8,KXNCAAFGAME-26OCT03BGSUMOH-MOH,Miami (OH) wins,20.0,24.0,False,L,-1.0,kalshi,2026-10-05T17:27:28+00:00,
2026-09-30T19:02:34+00:00,2026,5,401866477,Bowling Green @ Miami (OH),Miami (OH),Bowling Green,2026-10-03T19:30:00.000Z,spread,BET,Miami (OH) wins by MORE than 14.5,BUY YES,YES,Miami (OH),Bowling Green,14.5,,45,0.45,0.0173,0.556,8.9,Miami (OH) -17.1,41.8,KXNCAAFSPREAD-26OCT03BGSUMOH-MOH15,Miami (OH) wins by over 14.5 points,20.0,24.0,False,L,-1.0,kalshi,2026-10-05T17:27:28+00:00,
2026-09-30T19:02:34+00:00,2026,5,401866477,Bowling Green @ Miami (OH),Miami (OH),Bowling Green,2026-10-03T19:30:00.000Z,total,LEAN,UNDER 42.5 total points,BUY NO,NO,,,42.5,False,48,0.48,0.0175,0.518,2.1,Miami (OH) -17.1,41.8,KXNCAAFTOTAL-26OCT03BGSUMOH-43,Full Game: Over 42.5 points scored,20.0,24.0,True,L,-1.0,kalshi,2026-10-05T17:27:28+00:00,
2026-09-30T19:02:34+00:00,2026,5,401858248,Louisville @ NC State,NC State,Louisville,2026-10-03T19:30:00.000Z,winner,PASS,Louisville to WIN the game,BUY NO,NO,NC State,Louisville,,,62,0.62,0.0165,0.531,-10.6,Louisville -1.1,69.4,KXNCAAFGAME-26OCT03LOUNCST-NCST,NC St. wins,31.0,28.0,True,L,-1.0,kalshi,2026-10-05T17:27:28+00:00,
2026-09-30T19:02:34+00:00,2026,5,401858248,Louisville @ NC State,NC State,Louisville,2026-10-03T19:30:00.000Z,spread,BET,"Louisville wins by 2 or fewer, or loses",BUY NO,NO,Louisville,NC State,2.5,,43,0.43,0.0172,0.523,7.6,Louisville -1.1,69.4,KXNCAAFSPREAD-26OCT03LOUNCST-LOU3,Louisville wins by over 2.5 points,31.0,28.0,False,W,1.2361,kalshi,2026-10-05T17:27:28+00:00,
2026-09-30T19:02:34+00:00,2026,5,401858248,Louisville @ NC State,NC State,Louisville,2026-10-03T19:30:00.000Z,total,BET,OVER 62.5 total points,BUY YES,YES,,,62.5,False,39,0.39,0.0167,0.659,25.2,Louisville -1.1,69.4,KXNCAAFTOTAL-26OCT03LOUNCST-63,Over 62.5 points scored,31.0,28.0,False,L,-1.0,kalshi,2026-10-05T17:27:28+00:00,
2026-09-30T19:02:34+00:00,2026,5,401866433,Eastern Michigan @ Massachusetts,Massachusetts,Eastern Michigan,2026-10-03T19:30:00.000Z,winner,BET,Massachusetts to WIN the game,BUY NO,NO,Eastern Michigan,Massachusetts,,,68,0.68,0.0152,0.762,6.7,Massachusetts -11.0,44.2,KXNCAAFGAME-26OCT03EMUMASS-EMU,Eastern Michigan wins,14.0,38.0,True,L,-1.0,kalshi,2026-10-05T17:27:28+00:00,
2026-09-30T19:02:34+00:00,2026,5,401866433,Eastern Michigan @ Massachusetts,Massachusetts,Eastern Michigan,2026-10-03T19:30:00.000Z,spread,BET,Massachusetts wins by MORE than 7.5,BUY YES,YES,Massachusetts,Eastern Michigan,7.5,,44,0.44,0.0172,0.581,12.4,Massachusetts -11.0,44.2,KXNCAAFSPREAD-26OCT03EMUMASS-MASS8,UMass wins by over 7.5 points,14.0,38.0,False,L,-1.0,kalshi,2026-10-05T17:27:28+00:00,
2026-09-30T19:02:34+00:00,2026,5,401866433,Eastern Michigan @ Massachusetts,Massachusetts,Eastern Michigan,2026-10-03T19:30:00.000Z,total,BET,UNDER 48.5 total points,BUY NO,NO,,,48.5,False,48,0.48,0.0175,0.602,10.5,Massachusetts -11.0,44.2,KXNCAAFTOTAL-26OCT03EMUMASS-49,Full Game: Over 48.5 points scored,14.0,38.0,True,L,-1.0,kalshi,2026-10-05T17:27:28+00:00,
2026-09-30T19:02:34+00:00,2026,5,401866434,Ohio @ Kent State,Kent State,Ohio,2026-10-03T19:30:00.000Z,winner,LEAN,Ohio to WIN the game,BUY YES,YES,Ohio,Kent State,,,62,0.62,0.0165,0.653,1.6,Ohio -6.0,55.7,KXNCAAFGAME-26OCT03OHIOKENT-OHIO,Ohio wins,10.0,13.0,True,W,0.5711,kalshi,2026-10-05T17:27:28+00:00,
2026-09-30T19:02:34+00:00,2026,5,401866434,Ohio @ Kent State,Kent State,Ohio,2026-10-03T19:30:00.000Z,spread,BET,Ohio wins by MORE than 4.5,BUY YES,YES,Ohio,Kent State,4.5,,46,0.46,0.0174,0.544,6.7,Ohio -6.0,55.7,KXNCAAFSPREAD-26OCT03OHIOKENT-OHIO5,Ohio wins by over 4.5 points,10.0,13.0,False,L,-1.0,kalshi,2026-10-05T17:27:28+00:00,
2026-09-30T19:02:34+00:00,2026,5,401866434,Ohio @ Kent State,Kent State,Ohio,2026-10-03T19:30:00.000Z,total,BET,OVER 53.5 total points,BUY YES,YES,,,53.5,False,43,0.43,0.0172,0.557,11.0,Ohio -6.0,55.7,KXNCAAFTOTAL-26OCT03OHIOKENT-54,Over 53.5 points scored,10.0,13.0,False,L,-1.0,kalshi,2026-10-05T17:27:28+00:00,
2026-09-30T19:02:34+00:00,2026,5,401858473,Ohio State @ Iowa,Iowa,Ohio State,2026-10-03T19:30:00.000Z,winner,PASS,Ohio State to WIN the game,BUY NO,NO,Iowa,Ohio State,,,84,0.84,0.0094,0.731,-11.9,Ohio State -9.4,44.2,KXNCAAFGAME-26OCT03OSUIOWA-IOWA,Iowa wins,14.0,31.0,False,W,0.1773,kalshi,2026-10-05T17:27:28+00:00,
2026-09-30T19:02:34+00:00,2026,5,401858473,Ohio State @ Iowa,Iowa,Ohio State,2026-10-03T19:30:00.000Z,spread,BET,"Ohio State wins by 13 or fewer, or loses",BUY NO,NO,Ohio State,Iowa,13.5,,44,0.44,0.0172,0.611,15.4,Ohio State -9.4,44.2,KXNCAAFSPREAD-26OCT03OSUIOWA-OSU14,Ohio St. wins by over 13.5 points,14.0,31.0,True,L,-1.0,kalshi,2026-10-05T17:27:28+00:00,
2026-09-30T19:02:34+00:00,2026,5,401858473,Ohio State @ Iowa,Iowa,Ohio State,2026-10-03T19:30:00.000Z,total,LEAN,UNDER 44.5 total points,BUY NO,NO,,,44.5,False,47,0.47,0.0174,0.506,1.9,Ohio State -9.4,44.2,KXNCAAFTOTAL-26OCT03OSUIOWA-45,Over 44.5 points scored,14.0,31.0,True,L,-1.0,kalshi,2026-10-05T17:27:28+00:00,
2026-09-30T19:02:34+00:00,2026,5,401862787,Memphis @ Charlotte,Charlotte,Memphis,2026-10-03T19:30:00.000Z,winner,PASS,Memphis to WIN the game,BUY YES,YES,Memphis,Charlotte,,,92,0.92,0.0052,0.921,-0.4,Memphis -21.5,54.3,KXNCAAFGAME-26OCT03MEMCHAR-MEM,Memphis wins,8.0,59.0,True,W,0.0808,kalshi,2026-10-03T18:41:15+00:00,
2026-09-30T19:02:34+00:00,2026,5,401862787,Memphis @ Charlotte,Charlotte,Memphis,2026-10-03T19:30:00.000Z,spread,LEAN,Memphis wins by MORE than 17.5,BUY YES,YES,Memphis,Charlotte,17.5,,57,0.57,0.0172,0.597,1.0,Memphis -21.5,54.3,KXNCAAFSPREAD-26OCT03MEMCHAR-MEM18,Memphis wins by over 17.5 points,8.0,59.0,True,W,0.703,kalshi,2026-10-03T18:41:15+00:00,
2026-09-30T19:02:34+00:00,2026,5,401862787,Memphis @ Charlotte,Charlotte,Memphis,2026-10-03T19:30:00.000Z,total,LEAN,OVER 53.5 total points,BUY YES,YES,,,53.5,False,48,0.48,0.0175,0.519,2.1,Memphis -21.5,54.3,KXNCAAFTOTAL-26OCT03MEMCHAR-54,Full Game: Over 53.5 points scored,8.0,59.0,True,W,1.0101,kalshi,2026-10-03T18:41:15+00:00,
2026-09-30T19:02:34+00:00,2026,5,401864515,Wyoming @ North Dakota State,North Dakota State,Wyoming,2026-10-03T19:30:00.000Z,winner,LEAN,North Dakota State to WIN the game,BUY NO,NO,Wyoming,North Dakota State,,,91,0.91,0.0057,0.924,0.8,North Dakota State -22.3,30.1,KXNCAAFGAME-26OCT03WYONDSU-WYO,Wyoming wins,28.0,0.0,False,W,0.0921,kalshi,2026-10-05T17:27:28+00:00,
2026-09-30T19:02:34+00:00,2026,5,401864515,Wyoming @ North Dakota State,North Dakota State,Wyoming,2026-10-03T19:30:00.000Z,spread,LEAN,North Dakota State wins by MORE than 7.5,BUY YES,YES,North Dakota State,Wyoming,7.5,,78,0.78,0.012,0.81,1.8,North Dakota State -22.3,30.1,KXNCAAFSPREAD-26OCT03WYONDSU-NDSU8,North Dakota St. wins by over 7.5 points,28.0,0.0,True,W,0.2626,kalshi,2026-10-05T17:27:28+00:00,
2026-09-30T19:02:34+00:00,2026,5,401864515,Wyoming @ North Dakota State,North Dakota State,Wyoming,2026-10-03T19:30:00.000Z,total,BET,UNDER 37.5 total points,BUY NO,NO,,,37.5,False,29,0.29,0.0144,0.642,33.8,North Dakota State -22.3,30.1,KXNCAAFTOTAL-26OCT03WYONDSU-38,Full Game: Over 37.5 points scored,28.0,0.0,False,W,2.2852,kalshi,2026-10-05T17:27:28+00:00,
2026-09-30T19:02:34+00:00,2026,5,401858253,Virginia @ Florida State,Florida State,Virginia,2026-10-03T19:30:00.000Z,winner,PASS,Virginia to WIN the game,BUY YES,YES,Virginia,Florida State,,,56,0.56,0.0172,0.568,-0.9,Virginia -2.8,50.7,KXNCAAFGAME-26OCT03UVAFSU-UVA,Virginia wins,38.0,7.0,False,L,-1.0,kalshi,2026-10-05T17:27:28+00:00,
2026-09-30T19:02:34+00:00,2026,5,401858253,Virginia @ Florida State,Florida State,Virginia,2026-10-03T19:30:00.000Z,spread,PASS,"Florida State wins by 2 or fewer, or loses",BUY NO,NO,Florida State,Virginia,2.5,,61,0.61,0.0167,0.624,-0.2,Virginia -2.8,50.7,KXNCAAFSPREAD-26OCT03UVAFSU-FSU3,Florida St. wins by over 2.5 points,38.0,7.0,True,L,-1.0,kalshi,2026-10-05T17:27:28+00:00,
2026-09-30T19:02:34+00:00,2026,5,401858253,Virginia @ Florida State,Florida State,Virginia,2026-10-03T19:30:00.000Z,total,PASS,UNDER 51.5 total points,BUY NO,NO,,,51.5,False,50,0.5,0.0175,0.517,-0.1,Virginia -2.8,50.7,KXNCAAFTOTAL-26OCT03UVAFSU-52,Over 51.5 points scored,38.0,7.0,False,W,0.9324,kalshi,2026-10-05T17:27:28+00:00,
2026-09-30T19:02:34+00:00,2026,5,401856708,Florida @ Missouri,Missouri,Florida,2026-10-03T19:30:00.000Z,winner,PASS,Florida to WIN the game,BUY NO,NO,Missouri,Florida,,,67,0.67,0.0155,0.576,-10.9,Florida -2.9,63.4,KXNCAAFGAME-26OCT03FLAMIZZ-MIZZ,Missouri wins,45.0,17.0,True,L,-1.0,kalshi,2026-10-05T17:27:28+00:00,
2026-09-30T19:02:34+00:00,2026,5,401856708,Florida @ Missouri,Missouri,Florida,2026-10-03T19:30:00.000Z,spread,BET,"Florida wins by 3 or fewer, or loses",BUY NO,NO,Florida,Missouri,3.5,,43,0.43,0.0172,0.508,6.0,Florida -2.9,63.4,KXNCAAFSPREAD-26OCT03FLAMIZZ-FLA4,Florida wins by over 3.5 points,45.0,17.0,False,W,1.2361,kalshi,2026-10-05T17:27:28+00:00,
2026-09-30T19:02:34+00:00,2026,5,401856708,Florida @ Missouri,Missouri,Florida,2026-10-03T19:30:00.000Z,total,BET,OVER 58.5 total points,BUY YES,YES,,,58.5,False,47,0.47,0.0174,0.612,12.5,Florida -2.9,63.4,KXNCAAFTOTAL-26OCT03FLAMIZZ-59,Over 58.5 points scored,45.0,17.0,True,W,1.0517,kalshi,2026-10-05T17:27:28+00:00,
2026-09-30T19:02:34+00:00,2026,5,401858247,California @ UNLV,UNLV,California,2026-10-03T19:30:00.000Z,winner,BET,UNLV to WIN the game,BUY YES,YES,UNLV,California,,,56,0.56,0.0172,0.705,12.8,UNLV -8.2,44.7,KXNCAAFGAME-26OCT03CALUNLV-UNLV,UNLV wins,39.0,31.0,True,W,0.7325,kalshi,2026-10-05T17:27:28+00:00,
2026-09-30T19:02:34+00:00,2026,5,401858247,California @ UNLV,UNLV,California,2026-10-03T19:30:00.000Z,spread,BET,UNLV wins by MORE than 7.5,BUY YES,YES,UNLV,California,7.5,,33,0.33,0.0155,0.518,17.3,UNLV -8.2,44.7,KXNCAAFSPREAD-26OCT03CALUNLV-UNLV8,UNLV wins by over 7.5 points,39.0,31.0,True,W,1.8944,kalshi,2026-10-05T17:27:28+00:00,
2026-09-30T19:02:34+00:00,2026,5,401858247,California @ UNLV,UNLV,California,2026-10-03T19:30:00.000Z,total,BET,UNDER 46.5 total points,BUY NO,NO,,,46.5,False,34,0.34,0.0157,0.537,18.1,UNLV -8.2,44.7,KXNCAAFTOTAL-26OCT03CALUNLV-47,Over 46.5 points scored,39.0,31.0,True,L,-1.0,kalshi,2026-10-05T17:27:28+00:00,
2026-09-30T19:02:34+00:00,2026,5,401869956,Old Dominion @ Georgia State,Georgia State,Old Dominion,2026-10-03T19:30:00.000Z,winner,LEAN,Georgia State to WIN the game,BUY YES,YES,Georgia State,Old Dominion,,,55,0.55,0.0173,0.585,1.8,Georgia State -3.3,56.2,KXNCAAFGAME-26OCT03ODUGAST-GAST,Georgia St. wins,42.0,10.0,True,W,0.7627,kalshi,2026-10-05T17:27:28+00:00,
2026-09-30T19:02:34+00:00,2026,5,401869956,Old Dominion @ Georgia State,Georgia State,Old Dominion,2026-10-03T19:30:00.000Z,spread,LEAN,Georgia State wins by MORE than 3.5,BUY YES,YES,Georgia State,Old Dominion,3.5,,44,0.44,0.0172,0.5,4.3,Georgia State -3.3,56.2,KXNCAAFSPREAD-26OCT03ODUGAST-GAST4,Georgia St. wins by over 3.5 points,42.0,10.0,True,W,1.1872,kalshi,2026-10-05T17:27:28+00:00,
2026-09-30T19:02:34+00:00,2026,5,401869956,Old Dominion @ Georgia State,Georgia State,Old Dominion,2026-10-03T19:30:00.000Z,total,BET,OVER 52.5 total points,BUY YES,YES,,,52.5,False,47,0.47,0.0174,0.578,9.0,Georgia State -3.3,56.2,KXNCAAFTOTAL-26OCT03ODUGAST-53,Over 52.5 points scored,42.0,10.0,False,L,-1.0,kalshi,2026-10-05T17:27:28+00:00,
2026-09-30T19:02:34+00:00,2026,5,401869962,Marshall @ James Madison,James Madison,Marshall,2026-10-03T19:45:00.000Z,winner,BET,James Madison to WIN the game,BUY NO,NO,Marshall,James Madison,,,90,0.9,0.0063,0.96,5.3,James Madison -27.2,61.9,KXNCAAFGAME-26OCT03MRSHJMU-MRSH,Marshall wins,45.0,17.0,False,W,0.1034,kalshi,2026-10-05T17:27:28+00:00,
2026-09-30T19:02:34+00:00,2026,5,401869962,Marshall @ James Madison,James Madison,Marshall,2026-10-03T19:45:00.000Z,spread,BET,James Madison wins by MORE than 24.5,BUY YES,YES,James Madison,Marshall,24.5,,36,0.36,0.0161,0.569,19.2,James Madison -27.2,61.9,KXNCAAFSPREAD-26OCT03MRSHJMU-JMU25,James Madison wins by over 24.5 points,45.0,17.0,True,W,1.6589,kalshi,2026-10-05T17:27:28+00:00,
2026-09-30T19:02:34+00:00,2026,5,401869962,Marshall @ James Madison,James Madison,Marshall,2026-10-03T19:45:00.000Z,total,BET,OVER 56.5 total points,BUY YES,YES,,,56.5,False,49,0.49,0.0175,0.631,12.3,James Madison -27.2,61.9,KXNCAAFTOTAL-26OCT03MRSHJMU-57,Over 56.5 points scored,45.0,17.0,True,W,0.9704,kalshi,2026-10-05T17:27:28+00:00,
2026-09-30T19:02:34+00:00,2026,5,401858475,Maryland @ Nebraska,Nebraska,Maryland,2026-10-03T20:00:00.000Z,winner,PASS,Nebraska to WIN the game,BUY YES,YES,Nebraska,Maryland,,,86,0.86,0.0084,0.828,-4.1,Nebraska -14.5,55.4,KXNCAAFGAME-26OCT03MDNEB-NEB,Nebraska wins,48.0,23.0,True,W,0.1515,kalshi,2026-10-05T17:27:28+00:00,
2026-09-30T19:02:34+00:00,2026,5,401858475,Maryland @ Nebraska,Nebraska,Maryland,2026-10-03T20:00:00.000Z,spread,PASS,"Nebraska wins by 16 or fewer, or loses",BUY NO,NO,Nebraska,Maryland,16.5,,54,0.54,0.0174,0.551,-0.6,Nebraska -14.5,55.4,KXNCAAFSPREAD-26OCT03MDNEB-NEB17,Nebraska wins by over 16.5 points,48.0,23.0,True,L,-1.0,kalshi,2026-10-05T17:27:28+00:00,
2026-09-30T19:02:34+00:00,2026,5,401858475,Maryland @ Nebraska,Nebraska,Maryland,2026-10-03T20:00:00.000Z,total,BET,OVER 54.5 total points,BUY YES,YES,,,54.5,False,45,0.45,0.0173,0.518,5.0,Nebraska -14.5,55.4,KXNCAAFTOTAL-26OCT03MDNEB-55,Over 54.5 points scored,48.0,23.0,True,W,1.14,kalshi,2026-10-05T17:27:28+00:00,
2026-09-30T19:02:34+00:00,2026,5,401864514,UTEP @ New Mexico,New Mexico,UTEP,2026-10-03T20:00:00.000Z,winner,LEAN,New Mexico to WIN the game,BUY NO,NO,UTEP,New Mexico,,,94,0.94,0.0039,0.962,1.8,New Mexico -27.0,55.8,KXNCAAFGAME-26OCT03UTEPUNM-UTEP,UTEP wins,61.0,7.0,False,W,0.0594,kalshi,2026-10-05T17:27:28+00:00,
2026-09-30T19:02:34+00:00,2026,5,401864514,UTEP @ New Mexico,New Mexico,UTEP,2026-10-03T20:00:00.000Z,spread,BET,New Mexico wins by MORE than 24.5,BUY YES,YES,New Mexico,UTEP,24.5,,45,0.45,0.0173,0.563,9.6,New Mexico -27.0,55.8,KXNCAAFSPREAD-26OCT03UTEPUNM-UNM25,New Mexico wins by over 24.5 points,61.0,7.0,True,W,1.14,kalshi,2026-10-05T17:27:28+00:00,
2026-09-30T19:02:34+00:00,2026,5,401864514,UTEP @ New Mexico,New Mexico,UTEP,2026-10-03T20:00:00.000Z,total,BET,OVER 52.5 total points,BUY YES,YES,,,52.5,False,40,0.4,0.0168,0.59,17.3,New Mexico -27.0,55.8,KXNCAAFTOTAL-26OCT03UTEPUNM-53,Full Game: Over 52.5 points scored,61.0,7.0,True,W,1.3992,kalshi,2026-10-05T17:27:28+00:00,
2026-09-30T19:02:34+00:00,2026,5,401856709,Kentucky @ South Carolina,South Carolina,Kentucky,2026-10-03T20:15:00.000Z,winner,PASS,South Carolina to WIN the game,BUY NO,NO,Kentucky,South Carolina,,,58,0.58,0.0171,0.547,-5.0,South Carolina -1.9,51.9,KXNCAAFGAME-26OCT03UKSCAR-UK,Kentucky wins,34.0,35.0,True,L,-1.0,kalshi,2026-10-05T17:27:28+00:00,
2026-09-30T19:02:34+00:00,2026,5,401856709,Kentucky @ South Carolina,South Carolina,Kentucky,2026-10-03T20:15:00.000Z,spread,LEAN,"South Carolina wins by 2 or fewer, or loses",BUY NO,NO,South Carolina,Kentucky,2.5,,47,0.47,0.0174,0.508,2.0,South Carolina -1.9,51.9,KXNCAAFSPREAD-26OCT03UKSCAR-SCAR3,South Carolina wins by over 2.5 points,34.0,35.0,False,W,1.0517,kalshi,2026-10-05T17:27:28+00:00,
2026-09-30T19:02:34+00:00,2026,5,401856709,Kentucky @ South Carolina,South Carolina,Kentucky,2026-10-03T20:15:00.000Z,total,LEAN,UNDER 53.5 total points,BUY NO,NO,,,53.5,False,50,0.5,0.0175,0.539,2.2,South Carolina -1.9,51.9,KXNCAAFTOTAL-26OCT03UKSCAR-54,Over 53.5 points scored,34.0,35.0,True,L,-1.0,kalshi,2026-10-05T17:27:28+00:00,
2026-09-30T19:02:34+00:00,2026,5,401858472,Purdue @ Illinois,Illinois,Purdue,2026-10-03T20:15:00.000Z,winner,PASS,Illinois to WIN the game,BUY NO,NO,Purdue,Illinois,,,78,0.78,0.012,0.787,-0.5,Illinois -12.1,67.0,KXNCAAFGAME-26OCT03PURILL-PUR,Purdue wins,17.0,24.0,True,L,-1.0,kalshi,2026-10-05T17:27:28+00:00,
2026-09-30T19:02:34+00:00,2026,5,401858472,Purdue @ Illinois,Illinois,Purdue,2026-10-03T20:15:00.000Z,spread,BET,Illinois wins by MORE than 10.5,BUY YES,YES,Illinois,Purdue,10.5,,47,0.47,0.0174,0.545,5.8,Illinois -12.1,67.0,KXNCAAFSPREAD-26OCT03PURILL-ILL11,Illinois wins by over 10.5 points,17.0,24.0,False,L,-1.0,kalshi,2026-10-05T17:27:28+00:00,
2026-09-30T19:02:34+00:00,2026,5,401858472,Purdue @ Illinois,Illinois,Purdue,2026-10-03T20:15:00.000Z,total,BET,OVER 66.5 total points,BUY YES,YES,,,66.5,False,39,0.39,0.0167,0.514,10.7,Illinois -12.1,67.0,KXNCAAFTOTAL-26OCT03PURILL-67,Over 66.5 points scored,17.0,24.0,False,L,-1.0,kalshi,2026-10-05T17:27:28+00:00,
2026-09-30T19:02:34+00:00,2026,5,401860899,Oregon State @ Colorado State,Colorado State,Oregon State,2026-10-03T22:00:00.000Z,winner,PASS,Oregon State to WIN the game,BUY NO,NO,Colorado State,Oregon State,,,68,0.68,0.0152,0.552,-14.3,Oregon State -1.9,65.6,KXNCAAFGAME-26OCT03ORSTCSU-CSU,Colorado St. wins,26.0,56.0,False,W,0.4384,kalshi,2026-10-05T17:27:28+00:00,
2026-09-30T19:02:34+00:00,2026,5,401860899,Oregon State @ Colorado State,Colorado State,Oregon State,2026-10-03T22:00:00.000Z,spread,BET,"Oregon State wins by 2 or fewer, or loses",BUY NO,NO,Oregon State,Colorado State,2.5,,36,0.36,0.0161,0.505,12.9,Oregon State -1.9,65.6,KXNCAAFSPREAD-26OCT03ORSTCSU-ORST3,Oregon St. wins by over 2.5 points,26.0,56.0,True,L,-1.0,kalshi,2026-10-05T17:27:28+00:00,
2026-09-30T19:02:34+00:00,2026,5,401860899,Oregon State @ Colorado State,Colorado State,Oregon State,2026-10-03T22:00:00.000Z,total,BET,OVER 63.5 total points,BUY YES,YES,,,63.5,False,45,0.45,0.0173,0.555,8.8,Oregon State -1.9,65.6,KXNCAAFTOTAL-26OCT03ORSTCSU-64,Over 63.5 points scored,26.0,56.0,True,W,1.14,kalshi,2026-10-05T17:27:28+00:00,
2026-09-30T19:02:34+00:00,2026,5,401869942,Georgia Southern @ Coastal Carolina,Coastal Carolina,Georgia Southern,2026-10-03T23:00:00.000Z,winner,PASS,Georgia Southern to WIN the game,BUY YES,YES,Georgia Southern,Coastal Carolina,,,56,0.56,0.0172,0.529,-4.8,Georgia Southern -1.1,48.4,KXNCAAFGAME-26OCT03GASOCCAR-GASO,Georgia Southern wins,24.0,31.0,True,W,0.7325,kalshi,2026-10-05T17:27:28+00:00,
2026-09-30T19:02:34+00:00,2026,5,401869942,Georgia Southern @ Coastal Carolina,Coastal Carolina,Georgia Southern,2026-10-03T23:00:00.000Z,spread,LEAN,"Georgia Southern wins by 2 or fewer, or loses",BUY NO,NO,Georgia Southern,Coastal Carolina,2.5,,50,0.5,0.0175,0.526,0.8,Georgia Southern -1.1,48.4,KXNCAAFSPREAD-26OCT03GASOCCAR-GASO3,Georgia Southern wins by over 2.5 points,24.0,31.0,True,L,-1.0,kalshi,2026-10-05T17:27:28+00:00,
2026-09-30T19:02:34+00:00,2026,5,401869942,Georgia Southern @ Coastal Carolina,Coastal Carolina,Georgia Southern,2026-10-03T23:00:00.000Z,total,BET,UNDER 52.5 total points,BUY NO,NO,,,52.5,False,46,0.46,0.0174,0.599,12.2,Georgia Southern -1.1,48.4,KXNCAAFTOTAL-26OCT03GASOCCAR-53,Full Game: Over 52.5 points scored,24.0,31.0,True,L,-1.0,kalshi,2026-10-05T17:27:28+00:00,
2026-09-30T19:02:34+00:00,2026,5,401862788,UTSA @ Rice,Rice,UTSA,2026-10-03T23:00:00.000Z,winner,PASS,UTSA to WIN the game,BUY NO,NO,Rice,UTSA,,,81,0.81,0.0108,0.699,-12.2,UTSA -7.9,56.8,KXNCAAFGAME-26OCT03UTSARICE-RICE,Rice wins,14.0,16.0,False,W,0.2183,kalshi,2026-10-05T17:27:28+00:00,
2026-09-30T19:02:34+00:00,2026,5,401862788,UTSA @ Rice,Rice,UTSA,2026-10-03T23:00:00.000Z,spread,BET,"UTSA wins by 9 or fewer, or loses",BUY NO,NO,UTSA,Rice,9.5,,43,0.43,0.0172,0.54,9.2,UTSA -7.9,56.8,KXNCAAFSPREAD-26OCT03UTSARICE-UTSA10,UTSA wins by over 9.5 points,14.0,16.0,False,W,1.2361,kalshi,2026-10-05T17:27:28+00:00,
2026-09-30T19:02:34+00:00,2026,5,401862788,UTSA @ Rice,Rice,UTSA,2026-10-03T23:00:00.000Z,total,LEAN,OVER 56.5 total points,BUY YES,YES,,,56.5,False,49,0.49,0.0175,0.508,0.1,UTSA -7.9,56.8,KXNCAAFTOTAL-26OCT03UTSARICE-57,Over 56.5 points scored,14.0,16.0,False,L,-1.0,kalshi,2026-10-05T17:27:28+00:00,
2026-09-30T19:02:34+00:00,2026,5,401856711,Arkansas @ Texas A&M,Texas A&M,Arkansas,2026-10-03T23:00:00.000Z,winner,PASS,Texas A&M to WIN the game,BUY NO,NO,Arkansas,Texas A&M,,,84,0.84,0.0094,0.821,-2.8,Texas A&M -13.9,57.7,KXNCAAFGAME-26OCT03ARKTXAM-ARK,Arkansas wins,34.0,7.0,False,W,0.1773,kalshi,2026-10-05T17:27:28+00:00,
2026-09-30T19:02:34+00:00,2026,5,401856711,Arkansas @ Texas A&M,Texas A&M,Arkansas,2026-10-03T23:00:00.000Z,spread,PASS,"Texas A&M wins by 16 or fewer, or loses",BUY NO,NO,Texas A&M,Arkansas,16.5,,57,0.57,0.0172,0.571,-1.6,Texas A&M -13.9,57.7,KXNCAAFSPREAD-26OCT03ARKTXAM-TXAM17,Texas A&M wins by over 16.5 points,34.0,7.0,True,L,-1.0,kalshi,2026-10-05T17:27:28+00:00,
2026-09-30T19:02:34+00:00,2026,5,401856711,Arkansas @ Texas A&M,Texas A&M,Arkansas,2026-10-03T23:00:00.000Z,total,BET,OVER 51.5 total points,BUY YES,YES,,,51.5,False,46,0.46,0.0174,0.651,17.4,Texas A&M -13.9,57.7,KXNCAAFTOTAL-26OCT03ARKTXAM-52,Over 51.5 points scored,34.0,7.0,False,L,-1.0,kalshi,2026-10-05T17:27:28+00:00,
2026-09-30T19:02:34+00:00,2026,5,401871089,UL Monroe @ South Alabama,South Alabama,UL Monroe,2026-10-03T23:00:00.000Z,winner,LEAN,South Alabama to WIN the game,BUY YES,YES,South Alabama,UL Monroe,,,84,0.84,0.0094,0.888,3.8,South Alabama -18.9,63.6,KXNCAAFGAME-26OCT03ULMUSA-USA,South Alabama wins,52.0,35.0,True,W,0.1773,kalshi,2026-10-05T17:27:28+00:00,
2026-09-30T19:02:34+00:00,2026,5,401871089,UL Monroe @ South Alabama,South Alabama,UL Monroe,2026-10-03T23:00:00.000Z,spread,BET,South Alabama wins by MORE than 14.5,BUY YES,YES,South Alabama,UL Monroe,14.5,,47,0.47,0.0174,0.612,12.5,South Alabama -18.9,63.6,KXNCAAFSPREAD-26OCT03ULMUSA-USA15,South Alabama wins by over 14.5 points,52.0,35.0,True,W,1.0517,kalshi,2026-10-05T17:27:28+00:00,
2026-09-30T19:02:34+00:00,2026,5,401871089,UL Monroe @ South Alabama,South Alabama,UL Monroe,2026-10-03T23:00:00.000Z,total,BET,OVER 58.5 total points,BUY YES,YES,,,58.5,False,47,0.47,0.0174,0.621,13.3,South Alabama -18.9,63.6,KXNCAAFTOTAL-26OCT03ULMUSA-59,Over 58.5 points scored,52.0,35.0,True,W,1.0517,kalshi,2026-10-05T17:27:28+00:00,
2026-09-30T19:02:34+00:00,2026,5,401856818,BYU @ TCU,TCU,BYU,2026-10-03T23:00:00.000Z,winner,PASS,BYU to WIN the game,BUY NO,NO,TCU,BYU,,,70,0.7,0.0147,0.623,-9.1,BYU -4.9,47.5,KXNCAAFGAME-26OCT03BYUTCU-TCU,TCU wins,10.0,17.0,False,W,0.3992,kalshi,2026-10-05T17:27:28+00:00,
2026-09-30T19:02:34+00:00,2026,5,401856818,BYU @ TCU,TCU,BYU,2026-10-03T23:00:00.000Z,spread,LEAN,"BYU wins by 5 or fewer, or loses",BUY NO,NO,BYU,TCU,5.5,,45,0.45,0.0173,0.512,4.4,BYU -4.9,47.5,KXNCAAFSPREAD-26OCT03BYUTCU-BYU6,BYU wins by over 5.5 points,10.0,17.0,True,L,-1.0,kalshi,2026-10-05T17:27:28+00:00,
2026-09-30T19:02:34+00:00,2026,5,401856818,BYU @ TCU,TCU,BYU,2026-10-03T23:00:00.000Z,total,PASS,OVER 44.5 total points,BUY YES,YES,,,44.5,False,59,0.59,0.0169,0.582,-2.5,BYU -4.9,47.5,KXNCAAFTOTAL-26OCT03BYUTCU-45,Over 44.5 points scored,10.0,17.0,False,L,-1.0,kalshi,2026-10-05T17:27:28+00:00,
2026-09-30T19:02:34+00:00,2026,5,401858249,Miami @ Clemson,Clemson,Miami,2026-10-03T23:30:00.000Z,winner,PASS,Miami to WIN the game,BUY YES,YES,Miami,Clemson,,,87,0.87,0.0079,0.808,-7.0,Miami -13.4,51.5,KXNCAAFGAME-26OCT03MIACLEM-MIA,Miami (FL) wins,13.0,41.0,True,W,0.1391,kalshi,2026-10-05T17:27:28+00:00,
2026-09-30T19:02:34+00:00,2026,5,401858249,Miami @ Clemson,Clemson,Miami,2026-10-03T23:30:00.000Z,spread,BET,"Miami wins by 16 or fewer, or loses",BUY NO,NO,Miami,Clemson,16.5,,49,0.49,0.0175,0.578,7.1,Miami -13.4,51.5,KXNCAAFSPREAD-26OCT03MIACLEM-MIA17,Miami (FL) wins by over 16.5 points,13.0,41.0,True,L,-1.0,kalshi,2026-10-05T17:27:28+00:00,
2026-09-30T19:02:34+00:00,2026,5,401858249,Miami @ Clemson,Clemson,Miami,2026-10-03T23:30:00.000Z,total,BET,OVER 49.5 total points,BUY YES,YES,,,49.5,False,44,0.44,0.0172,0.55,9.3,Miami -13.4,51.5,KXNCAAFTOTAL-26OCT03MIACLEM-50,Over 49.5 points scored,13.0,41.0,True,W,1.1872,kalshi,2026-10-05T17:27:28+00:00,
2026-09-30T19:02:34+00:00,2026,5,401862792,Temple @ South Florida,South Florida,Temple,2026-10-03T23:30:00.000Z,winner,BET,South Florida to WIN the game,BUY NO,NO,Temple,South Florida,,,69,0.69,0.015,0.79,8.5,South Florida -12.7,54.9,KXNCAAFGAME-26OCT03TEMUSF-TEM,Temple wins,13.0,17.0,True,L,-1.0,kalshi,2026-10-05T17:27:28+00:00,
2026-09-30T19:02:34+00:00,2026,5,401862792,Temple @ South Florida,South Florida,Temple,2026-10-03T23:30:00.000Z,spread,BET,South Florida wins by MORE than 7.5,BUY YES,YES,South Florida,Temple,7.5,,44,0.44,0.0172,0.624,16.7,South Florida -12.7,54.9,KXNCAAFSPREAD-26OCT03TEMUSF-USF8,South Florida wins by over 7.5 points,13.0,17.0,False,L,-1.0,kalshi,2026-10-05T17:27:28+00:00,
2026-09-30T19:02:34+00:00,2026,5,401862792,Temple @ South Florida,South Florida,Temple,2026-10-03T23:30:00.000Z,total,BET,OVER 51.5 total points,BUY YES,YES,,,51.5,False,41,0.41,0.0169,0.579,15.2,South Florida -12.7,54.9,KXNCAAFTOTAL-26OCT03TEMUSF-52,Over 51.5 points scored,13.0,17.0,False,L,-1.0,kalshi,2026-10-05T17:27:28+00:00,
2026-09-30T19:02:34+00:00,2026,5,401858478,Washington @ USC,USC,Washington,2026-10-03T23:30:00.000Z,winner,PASS,USC to WIN the game,BUY NO,NO,Washington,USC,,,77,0.77,0.0124,0.733,-4.9,USC -9.7,62.0,KXNCAAFGAME-26OCT03WASHUSC-WASH,Washington wins,25.0,21.0,False,W,0.2781,kalshi,2026-10-05T17:27:28+00:00,
2026-09-30T19:02:34+00:00,2026,5,401858478,Washington @ USC,USC,Washington,2026-10-03T23:30:00.000Z,spread,PASS,"USC wins by 20 or fewer, or loses",BUY NO,NO,USC,Washington,20.5,,75,0.75,0.0131,0.76,-0.3,USC -9.7,62.0,KXNCAAFSPREAD-26OCT03WASHUSC-USC21,USC wins by over 20.5 points,25.0,21.0,False,W,0.3104,kalshi,2026-10-05T17:27:28+00:00,
2026-09-30T19:02:34+00:00,2026,5,401858478,Washington @ USC,USC,Washington,2026-10-03T23:30:00.000Z,total,BET,OVER 60.5 total points,BUY YES,YES,,,60.5,False,47,0.47,0.0174,0.538,5.1,USC -9.7,62.0,KXNCAAFTOTAL-26OCT03WASHUSC-61,Over 60.5 points scored,25.0,21.0,False,L,-1.0,kalshi,2026-10-05T17:27:28+00:00,
2026-09-30T19:02:34+00:00,2026,5,401860898,Utah State @ Boise State,Boise State,Utah State,2026-10-03T23:30:00.000Z,winner,PASS,Boise State to WIN the game,BUY NO,NO,Utah State,Boise State,,,93,0.93,0.0046,0.897,-3.8,Boise State -19.5,43.1,KXNCAAFGAME-26OCT03USUBSU-USU,Utah St. wins,37.0,18.0,False,W,0.07,kalshi,2026-10-05T17:27:28+00:00,
2026-09-30T19:02:34+00:00,2026,5,401860898,Utah State @ Boise State,Boise State,Utah State,2026-10-03T23:30:00.000Z,spread,LEAN,"Boise State wins by 20 or fewer, or loses",BUY NO,NO,Boise State,Utah State,20.5,,51,0.51,0.0175,0.538,1.1,Boise State -19.5,43.1,KXNCAAFSPREAD-26OCT03USUBSU-BSU21,Boise St. wins by over 20.5 points,37.0,18.0,False,W,0.8957,kalshi,2026-10-05T17:27:28+00:00,
2026-09-30T19:02:34+00:00,2026,5,401860898,Utah State @ Boise State,Boise State,Utah State,2026-10-03T23:30:00.000Z,total,BET,UNDER 49.5 total points,BUY NO,NO,,,49.5,False,44,0.44,0.0172,0.646,18.9,Boise State -19.5,43.1,KXNCAAFTOTAL-26OCT03USUBSU-50,Over 49.5 points scored,37.0,18.0,True,L,-1.0,kalshi,2026-10-05T17:27:28+00:00,
2026-09-30T19:02:34+00:00,2026,5,401869842,Army @ Louisiana Tech,Louisiana Tech,Army,2026-10-03T23:30:00.000Z,winner,PASS,Army to WIN the game,BUY YES,YES,Army,Louisiana Tech,,,54,0.54,0.0174,0.549,-0.9,Army -1.7,52.8,KXNCAAFGAME-26OCT03ARMYLT-ARMY,Army wins,31.0,29.0,False,L,-1.0,kalshi,2026-10-05T17:27:28+00:00,
2026-09-30T19:02:34+00:00,2026,5,401869842,Army @ Louisiana Tech,Louisiana Tech,Army,2026-10-03T23:30:00.000Z,spread,PASS,"Louisiana Tech wins by 2 or fewer, or loses",BUY NO,NO,Louisiana Tech,Army,2.5,,59,0.59,0.0169,0.599,-0.8,Army -1.7,52.8,KXNCAAFSPREAD-26OCT03ARMYLT-LT3,Louisiana Tech wins by over 2.5 points,31.0,29.0,False,W,0.6477,kalshi,2026-10-05T17:27:28+00:00,
2026-09-30T19:02:34+00:00,2026,5,401869842,Army @ Louisiana Tech,Louisiana Tech,Army,2026-10-03T23:30:00.000Z,total,BET,OVER 49.5 total points,BUY YES,YES,,,49.5,False,45,0.45,0.0173,0.589,12.1,Army -1.7,52.8,KXNCAAFTOTAL-26OCT03ARMYLT-50,Full Game: Over 49.5 points scored,31.0,29.0,True,W,1.14,kalshi,2026-10-05T17:27:28+00:00,
2026-09-30T19:02:34+00:00,2026,5,401856821,Texas Tech @ Colorado,Colorado,Texas Tech,2026-10-03T23:30:00.000Z,winner,LEAN,Texas Tech to WIN the game,BUY NO,NO,Colorado,Texas Tech,,,82,0.82,0.0103,0.848,1.8,Texas Tech -16.0,47.9,KXNCAAFGAME-26OCT03TTUCOLO-COLO,Colorado wins,7.0,29.0,False,W,0.2044,kalshi,2026-10-05T17:27:28+00:00,
2026-09-30T19:02:34+00:00,2026,5,401856821,Texas Tech @ Colorado,Colorado,Texas Tech,2026-10-03T23:30:00.000Z,spread,BET,Texas Tech wins by MORE than 14.5,BUY YES,YES,Texas Tech,Colorado,14.5,,42,0.42,0.0171,0.531,9.4,Texas Tech -16.0,47.9,KXNCAAFSPREAD-26OCT03TTUCOLO-TTU15,Texas Tech wins by over 14.5 points,7.0,29.0,True,W,1.2878,kalshi,2026-10-05T17:27:28+00:00,
2026-09-30T19:02:34+00:00,2026,5,401856821,Texas Tech @ Colorado,Colorado,Texas Tech,2026-10-03T23:30:00.000Z,total,LEAN,UNDER 50.5 total points,BUY NO,NO,,,50.5,False,50,0.5,0.0175,0.56,4.2,Texas Tech -16.0,47.9,KXNCAAFTOTAL-26OCT03TTUCOLO-51,Over 50.5 points scored,7.0,29.0,False,W,0.9324,kalshi,2026-10-05T17:27:28+00:00,
2026-09-30T19:02:34+00:00,2026,5,401869932,Arkansas State @ Louisiana,Louisiana,Arkansas State,2026-10-04T00:00:00.000Z,winner,PASS,Louisiana to WIN the game,BUY NO,NO,Arkansas State,Louisiana,,,70,0.7,0.0147,0.682,-3.3,Louisiana -7.4,44.6,KXNCAAFGAME-26OCT03ARSTULL-ARST,Arkansas St. wins,23.0,20.0,False,W,0.3992,kalshi,2026-10-05T17:27:28+00:00,
2026-09-30T19:02:34+00:00,2026,5,401869932,Arkansas State @ Louisiana,Louisiana,Arkansas State,2026-10-04T00:00:00.000Z,spread,PASS,Louisiana wins by MORE than 4.5,BUY YES,YES,Louisiana,Arkansas State,4.5,,58,0.58,0.0171,0.571,-2.6,Louisiana -7.4,44.6,KXNCAAFSPREAD-26OCT03ARSTULL-ULL5,Louisiana wins by over 4.5 points,23.0,20.0,False,L,-1.0,kalshi,2026-10-05T17:27:28+00:00,
2026-09-30T19:02:34+00:00,2026,5,401869932,Arkansas State @ Louisiana,Louisiana,Arkansas State,2026-10-04T00:00:00.000Z,total,BET,UNDER 45.5 total points,BUY NO,NO,,,45.5,False,44,0.44,0.0172,0.516,5.9,Louisiana -7.4,44.6,KXNCAAFTOTAL-26OCT03ARSTULL-46,Full Game: Over 45.5 points scored,23.0,20.0,False,W,1.1872,kalshi,2026-10-05T17:27:28+00:00,
2026-09-30T19:02:34+00:00,2026,5,401858477,Indiana @ Rutgers,Rutgers,Indiana,2026-10-04T00:00:00.000Z,winner,PASS,Indiana to WIN the game,BUY NO,NO,Rutgers,Indiana,,,95,0.95,0.0033,0.925,-2.9,Indiana -22.4,58.8,KXNCAAFGAME-26OCT03INDRUTG-RUTG,Rutgers wins,15.0,47.0,False,W,0.049,kalshi,2026-10-05T17:27:28+00:00,
2026-09-30T19:02:34+00:00,2026,5,401858477,Indiana @ Rutgers,Rutgers,Indiana,2026-10-04T00:00:00.000Z,spread,LEAN,"Indiana wins by 23 or fewer, or loses",BUY NO,NO,Indiana,Rutgers,23.5,,47,0.47,0.0174,0.534,4.7,Indiana -22.4,58.8,KXNCAAFSPREAD-26OCT03INDRUTG-IND24,Indiana wins by over 23.5 points,15.0,47.0,True,L,-1.0,kalshi,2026-10-05T17:27:28+00:00,
2026-09-30T19:02:34+00:00,2026,5,401858477,Indiana @ Rutgers,Rutgers,Indiana,2026-10-04T00:00:00.000Z,total,BET,OVER 58.5 total points,BUY YES,YES,,,58.5,False,44,0.44,0.0172,0.507,5.0,Indiana -22.4,58.8,KXNCAAFTOTAL-26OCT03INDRUTG-59,Over 58.5 points scored,15.0,47.0,True,W,1.1872,kalshi,2026-10-05T17:27:28+00:00,
2026-09-30T19:02:34+00:00,2026,5,401860921,Fresno State @ Washington State,Washington State,Fresno State,2026-10-04T01:30:00.000Z,winner,BET,Fresno State to WIN the game,BUY NO,NO,Washington State,Fresno State,,,47,0.47,0.0174,0.544,5.6,Fresno State -1.6,36.2,KXNCAAFGAME-26OCT03FRESWSU-WSU,Washington St. wins,6.0,26.0,False,W,1.0517,kalshi,2026-10-05T17:27:28+00:00,
2026-09-30T19:02:34+00:00,2026,5,401860921,Fresno State @ Washington State,Washington State,Fresno State,2026-10-04T01:30:00.000Z,spread,BET,"Washington State wins by 2 or fewer, or loses",BUY NO,NO,Washington State,Fresno State,2.5,,51,0.51,0.0175,0.597,6.9,Fresno State -1.6,36.2,KXNCAAFSPREAD-26OCT03FRESWSU-WSU3,Washington St. wins by over 2.5 points,6.0,26.0,False,W,0.8957,kalshi,2026-10-05T17:27:28+00:00,
2026-09-30T19:02:34+00:00,2026,5,401860921,Fresno State @ Washington State,Washington State,Fresno State,2026-10-04T01:30:00.000Z,total,BET,UNDER 40.5 total points,BUY NO,NO,,,40.5,False,36,0.36,0.0161,0.605,22.9,Fresno State -1.6,36.2,KXNCAAFTOTAL-26OCT03FRESWSU-41,Over 40.5 points scored,6.0,26.0,False,W,1.6589,kalshi,2026-10-05T17:27:28+00:00,
2026-09-30T19:02:34+00:00,2026,5,401860900,Texas State @ San Diego State,San Diego State,Texas State,2026-10-04T02:30:00.000Z,winner,BET,San Diego State to WIN the game,BUY NO,NO,Texas State,San Diego State,,,36,0.36,0.0161,0.511,13.5,San Diego State -0.3,57.3,KXNCAAFGAME-26OCT03TXSTSDSU-TXST,Texas St. wins,31.0,29.0,False,W,1.6589,kalshi,2026-10-05T17:27:28+00:00,
2026-09-30T19:02:34+00:00,2026,5,401860900,Texas State @ San Diego State,San Diego State,Texas State,2026-10-04T02:30:00.000Z,spread,BET,"Texas State wins by 2 or fewer, or loses",BUY NO,NO,Texas State,San Diego State,2.5,,39,0.39,0.0167,0.569,16.2,San Diego State -0.3,57.3,KXNCAAFSPREAD-26OCT03TXSTSDSU-TXST3,Texas St. wins by over 2.5 points,31.0,29.0,False,W,1.4588,kalshi,2026-10-05T17:27:28+00:00,
2026-09-30T19:02:34+00:00,2026,5,401860900,Texas State @ San Diego State,San Diego State,Texas State,2026-10-04T02:30:00.000Z,total,LEAN,UNDER 58.5 total points,BUY NO,NO,,,58.5,False,48,0.48,0.0175,0.521,2.3,San Diego State -0.3,57.3,KXNCAAFTOTAL-26OCT03TXSTSDSU-59,Over 58.5 points scored,31.0,29.0,True,L,-1.0,kalshi,2026-10-05T17:27:28+00:00,
2026-09-30T19:02:34+00:00,2026,5,401856817,Baylor @ Arizona State,Arizona State,Baylor,2026-10-04T02:30:00.000Z,winner,PASS,Arizona State to WIN the game,BUY YES,YES,Arizona State,Baylor,,,63,0.63,0.0163,0.512,-13.5,Arizona State -0.5,53.8,KXNCAAFGAME-26OCT03BAYASU-ASU,Arizona St. wins,19.0,55.0,False,L,-1.0,kalshi,2026-10-05T17:27:28+00:00,
2026-09-30T19:02:34+00:00,2026,5,401856817,Baylor @ Arizona State,Arizona State,Baylor,2026-10-04T02:30:00.000Z,spread,BET,"Arizona State wins by 2 or fewer, or loses",BUY NO,NO,Arizona State,Baylor,2.5,,41,0.41,0.0169,0.542,11.5,Arizona State -0.5,53.8,KXNCAAFSPREAD-26OCT03BAYASU-ASU3,Arizona St. wins by over 2.5 points,19.0,55.0,False,W,1.3425,kalshi,2026-10-05T17:27:28+00:00,
2026-09-30T19:02:34+00:00,2026,5,401856817,Baylor @ Arizona State,Arizona State,Baylor,2026-10-04T02:30:00.000Z,total,BET,OVER 51.5 total points,BUY YES,YES,,,51.5,False,42,0.42,0.0171,0.557,12.0,Arizona State -0.5,53.8,KXNCAAFTOTAL-26OCT03BAYASU-52,Over 51.5 points scored,19.0,55.0,True,W,1.2878,kalshi,2026-10-05T17:27:28+00:00,
2026-09-30T19:02:34+00:00,2026,5,401856820,Cincinnati @ Arizona,Arizona,Cincinnati,2026-10-04T03:00:00.000Z,winner,PASS,Arizona to WIN the game,BUY NO,NO,Cincinnati,Arizona,,,71,0.71,0.0144,0.647,-7.8,Arizona -5.4,59.1,KXNCAAFGAME-26OCT03CINARIZ-CIN,Cincinnati wins,34.0,7.0,False,W,0.3805,kalshi,2026-10-05T17:27:28+00:00,
2026-09-30T19:02:34+00:00,2026,5,401856820,Cincinnati @ Arizona,Arizona,Cincinnati,2026-10-04T03:00:00.000Z,spread,LEAN,"Arizona wins by 6 or fewer, or loses",BUY NO,NO,Arizona,Cincinnati,6.5,,47,0.47,0.0174,0.523,3.6,Arizona -5.4,59.1,KXNCAAFSPREAD-26OCT03CINARIZ-ARIZ7,Arizona wins by over 6.5 points,34.0,7.0,True,L,-1.0,kalshi,2026-10-05T17:27:28+00:00,
2026-09-30T19:02:34+00:00,2026,5,401856820,Cincinnati @ Arizona,Arizona,Cincinnati,2026-10-04T03:00:00.000Z,total,BET,OVER 56.5 total points,BUY YES,YES,,,56.5,False,48,0.48,0.0175,0.567,6.9,Arizona -5.4,59.1,KXNCAAFTOTAL-26OCT03CINARIZ-57,Over 56.5 points scored,34.0,7.0,False,L,-1.0,kalshi,2026-10-05T17:27:28+00:00,
2026-09-30T19:02:34+00:00,2026,5,401864513,San José State @ Hawai'i,Hawai'i,San José State,2026-10-04T03:59:00.000Z,winner,LEAN,Hawai'i to WIN the game,BUY NO,NO,San José State,Hawai'i,,,57,0.57,0.0172,0.609,2.1,Hawai'i -4.1,50.4,KXNCAAFGAME-26OCT04SJSUHAW-SJSU,San Jose St. wins,16.0,20.0,True,L,-1.0,kalshi,2026-10-05T17:27:28+00:00,
2026-09-30T19:02:34+00:00,2026,5,401864513,San José State @ Hawai'i,Hawai'i,San José State,2026-10-04T03:59:00.000Z,spread,BET,Hawai'i wins by MORE than 3.5,BUY YES,YES,Hawai'i,San José State,3.5,,44,0.44,0.0172,0.522,6.5,Hawai'i -4.1,50.4,KXNCAAFSPREAD-26OCT04SJSUHAW-HAW4,Hawai'i wins by over 3.5 points,16.0,20.0,False,L,-1.0,kalshi,2026-10-05T17:27:28+00:00,
2026-09-30T19:02:34+00:00,2026,5,401864513,San José State @ Hawai'i,Hawai'i,San José State,2026-10-04T03:59:00.000Z,total,PASS,UNDER 57.5 total points,BUY NO,NO,,,57.5,False,67,0.67,0.0155,0.66,-2.6,Hawai'i -4.1,50.4,KXNCAAFTOTAL-26OCT04SJSUHAW-58,Over 57.5 points scored,16.0,20.0,False,W,0.4588,kalshi,2026-10-05T17:27:28+00:00,
2026-10-02T23:17:47+00:00,2026,5,401862787,Memphis @ Charlotte,Charlotte,Memphis,2026-10-03T15:00:00.000Z,total,BET,OVER 54.5 total points,BUY YES,YES,,,54.5,False,43,0.43,0.0172,0.508,6.1,Memphis -21.5,54.7,KXNCAAFTOTAL-26OCT03MEMCHAR-55,Full Game: Over 54.5 points scored,8.0,59.0,True,W,1.2361,kalshi,2026-10-03T18:41:15+00:00,
2026-10-02T23:17:47+00:00,2026,5,401858251,Stanford @ Wake Forest,Wake Forest,Stanford,2026-10-03T16:00:00.000Z,winner,PASS,Wake Forest to WIN the game,BUY YES,YES,Wake Forest,Stanford,,,84,0.84,0.0094,0.832,-1.8,Wake Forest -14.8,51.8,KXNCAAFGAME-26OCT03STANWAKE-WAKE,Wake Forest wins,57.0,3.0,True,W,0.1773,kalshi,2026-10-05T17:27:28+00:00,
2026-10-02T23:17:47+00:00,2026,5,401858252,Syracuse @ UConn,UConn,Syracuse,2026-10-03T16:00:00.000Z,spread,BET,"Syracuse wins by 2 or fewer, or loses",BUY NO,NO,Syracuse,UConn,2.5,,36,0.36,0.0161,0.734,35.8,UConn -7.4,56.1,KXNCAAFSPREAD-26OCT03SYRCONN-SYR3,Syracuse wins by over 2.5 points,41.0,42.0,False,W,1.6589,kalshi,2026-10-05T17:27:28+00:00,
2026-10-02T23:17:47+00:00,2026,5,401858474,Michigan @ Minnesota,Minnesota,Michigan,2026-10-03T16:00:00.000Z,winner,PASS,Michigan to WIN the game,BUY YES,YES,Michigan,Minnesota,,,67,0.67,0.0155,0.566,-11.9,Michigan -2.5,43.2,KXNCAAFGAME-26OCT03MICHMINN-MICH,Michigan wins,20.0,14.0,False,L,-1.0,kalshi,2026-10-05T17:27:28+00:00,
2026-10-02T23:17:47+00:00,2026,5,401858474,Michigan @ Minnesota,Minnesota,Michigan,2026-10-03T16:00:00.000Z,total,PASS,OVER 41.5 total points,BUY YES,YES,,,41.5,False,55,0.55,0.0173,0.541,-2.6,Michigan -2.5,43.2,KXNCAAFTOTAL-26OCT03MICHMINN-42,Over 41.5 points scored,20.0,14.0,False,L,-1.0,kalshi,2026-10-05T17:27:28+00:00,
2026-10-02T23:17:47+00:00,2026,5,401862791,Navy @ Air Force,Air Force,Navy,2026-10-03T16:00:00.000Z,winner,BET,Navy to WIN the game,BUY YES,YES,Navy,Air Force,,,43,0.43,0.0172,0.52,7.3,Navy -0.8,61.3,KXNCAAFGAME-26OCT03NAVYAFA-NAVY,Navy wins,14.0,9.0,False,L,-1.0,kalshi,2026-10-05T17:27:28+00:00,
2026-10-02T23:17:47+00:00,2026,5,401862791,Navy @ Air Force,Air Force,Navy,2026-10-03T16:00:00.000Z,spread,BET,"Air Force wins by 1 or fewer, or loses",BUY NO,NO,Air Force,Navy,1.5,,45,0.45,0.0173,0.547,8.0,Navy -0.8,61.3,KXNCAAFSPREAD-26OCT03NAVYAFA-AFA2,Air Force wins by over 1.5 points,14.0,9.0,True,L,-1.0,kalshi,2026-10-05T17:27:28+00:00,
2026-10-02T23:17:47+00:00,2026,5,401856707,Alabama @ Mississippi State,Mississippi State,Alabama,2026-10-03T16:00:00.000Z,total,BET,OVER 69.5 total points,BUY YES,YES,,,69.5,False,29,0.29,0.0144,0.626,32.2,Alabama -8.7,74.7,KXNCAAFTOTAL-26OCT03ALAMSST-70,Over 69.5 points scored,23.0,56.0,True,W,2.2852,kalshi,2026-10-05T17:27:28+00:00,
2026-10-02T23:17:47+00:00,2026,5,401856807,Middle Tennessee @ Kansas,Kansas,Middle Tennessee,2026-10-03T16:00:00.000Z,total,LEAN,UNDER 50.5 total points,BUY NO,NO,,,50.5,False,50,0.5,0.0175,0.53,1.3,Kansas -11.1,49.0,KXNCAAFTOTAL-26OCT03MTUKU-51,Full Game: Over 50.5 points scored,55.0,0.0,True,L,-1.0,kalshi,2026-10-05T17:27:28+00:00,
2026-10-02T23:17:47+00:00,2026,5,401856822,West Virginia @ Iowa State,Iowa State,West Virginia,2026-10-03T16:00:00.000Z,winner,BET,Iowa State to WIN the game,BUY YES,YES,Iowa State,West Virginia,,,59,0.59,0.0169,0.753,14.6,Iowa State -10.3,54.4,KXNCAAFGAME-26OCT03WVUISU-ISU,Iowa St. wins,45.0,42.0,True,W,0.6477,kalshi,2026-10-05T17:27:28+00:00,
2026-10-02T23:17:47+00:00,2026,5,401856822,West Virginia @ Iowa State,Iowa State,West Virginia,2026-10-03T16:00:00.000Z,total,LEAN,OVER 54.5 total points,BUY YES,YES,,,54.5,False,46,0.46,0.0174,0.501,2.4,Iowa State -10.3,54.4,KXNCAAFTOTAL-26OCT03WVUISU-55,Over 54.5 points scored,45.0,42.0,True,W,1.0947,kalshi,2026-10-05T17:27:28+00:00,
2026-10-02T23:17:47+00:00,2026,5,401856819,UCF @ Houston,Houston,UCF,2026-10-03T16:00:00.000Z,winner,PASS,Houston to WIN the game,BUY YES,YES,Houston,UCF,,,80,0.8,0.0112,0.657,-15.4,Houston -6.3,55.9,KXNCAAFGAME-26OCT03UCFHOU-HOU,Houston wins,27.0,17.0,True,W,0.2327,kalshi,2026-10-05T17:27:28+00:00,
2026-10-02T23:17:47+00:00,2026,5,401856819,UCF @ Houston,Houston,UCF,2026-10-03T16:00:00.000Z,total,BET,OVER 51.5 total points,BUY YES,YES,,,51.5,False,48,0.48,0.0175,0.606,10.9,Houston -6.3,55.9,KXNCAAFTOTAL-26OCT03UCFHOU-52,Over 51.5 points scored,27.0,17.0,False,L,-1.0,kalshi,2026-10-05T17:27:28+00:00,
2026-10-02T23:17:47+00:00,2026,5,401858479,Michigan State @ Wisconsin,Wisconsin,Michigan State,2026-10-03T16:30:00.000Z,winner,PASS,Wisconsin to WIN the game,BUY YES,YES,Wisconsin,Michigan State,,,77,0.77,0.0124,0.618,-16.4,Wisconsin -4.5,37.6,KXNCAAFGAME-26OCT03MSUWIS-WIS,Wisconsin wins,31.0,3.0,True,W,0.2781,kalshi,2026-10-05T17:27:28+00:00,
2026-10-02T23:17:47+00:00,2026,5,401856705,Vanderbilt @ Georgia,Georgia,Vanderbilt,2026-10-03T16:45:00.000Z,spread,BET,"Georgia wins by 23 or fewer, or loses",BUY NO,NO,Georgia,Vanderbilt,23.5,,43,0.43,0.0172,0.639,19.2,Georgia -18.2,61.6,KXNCAAFSPREAD-26OCT03VANUGA-UGA24,Georgia wins by over 23.5 points,38.0,14.0,True,L,-1.0,kalshi,2026-10-05T17:27:28+00:00,
2026-10-02T23:17:47+00:00,2026,5,401856705,Vanderbilt @ Georgia,Georgia,Vanderbilt,2026-10-03T16:45:00.000Z,total,BET,OVER 59.5 total points,BUY YES,YES,,,59.5,False,27,0.27,0.0138,0.554,27.0,Georgia -18.2,61.6,KXNCAAFTOTAL-26OCT03VANUGA-60,Over 59.5 points scored,38.0,14.0,False,L,-1.0,kalshi,2026-10-05T17:27:28+00:00,
2026-10-02T23:17:47+00:00,2026,5,401866432,Western Michigan @ Buffalo,Buffalo,Western Michigan,2026-10-03T17:00:00.000Z,spread,PASS,Western Michigan wins by MORE than 10.5,BUY YES,YES,Western Michigan,Buffalo,10.5,,55,0.55,0.0173,0.567,-0.0,Western Michigan -13.3,44.9,KXNCAAFSPREAD-26OCT03WMUBUFF-WMU11,Western Michigan wins by over 10.5 points,17.0,20.0,False,L,-1.0,kalshi,2026-10-05T17:27:28+00:00,
2026-10-02T23:17:47+00:00,2026,5,401866432,Western Michigan @ Buffalo,Buffalo,Western Michigan,2026-10-03T17:00:00.000Z,total,LEAN,UNDER 45.5 total points,BUY NO,NO,,,45.5,False,49,0.49,0.0175,0.511,0.3,Western Michigan -13.3,44.9,KXNCAAFTOTAL-26OCT03WMUBUFF-46,Full Game: Over 45.5 points scored,17.0,20.0,False,W,0.9704,kalshi,2026-10-05T17:27:28+00:00,
2026-10-02T23:17:47+00:00,2026,5,401866431,Toledo @ Ball State,Ball State,Toledo,2026-10-03T18:00:00.000Z,winner,PASS,Toledo to WIN the game,BUY NO,NO,Ball State,Toledo,,,91,0.91,0.0057,0.897,-1.9,Toledo -19.4,61.6,KXNCAAFGAME-26OCT03TOLBALL-BALL,Ball St. wins,24.0,39.0,False,W,0.0921,kalshi,2026-10-05T17:27:28+00:00,
2026-10-02T23:17:47+00:00,2026,5,401866431,Toledo @ Ball State,Ball State,Toledo,2026-10-03T18:00:00.000Z,spread,LEAN,"Toledo wins by 20 or fewer, or loses",BUY NO,NO,Toledo,Ball State,20.5,,48,0.48,0.0175,0.536,3.9,Toledo -19.4,61.6,KXNCAAFSPREAD-26OCT03TOLBALL-TOL21,Toledo wins by over 20.5 points,24.0,39.0,False,W,1.0101,kalshi,2026-10-05T17:27:28+00:00,
2026-10-02T23:17:47+00:00,2026,5,401866431,Toledo @ Ball State,Ball State,Toledo,2026-10-03T18:00:00.000Z,total,BET,OVER 52.5 total points,BUY YES,YES,,,52.5,False,47,0.47,0.0174,0.712,22.5,Toledo -19.4,61.6,KXNCAAFTOTAL-26OCT03TOLBALL-53,Over 52.5 points scored,24.0,39.0,True,W,1.0517,kalshi,2026-10-05T17:27:28+00:00,
2026-10-02T23:17:47+00:00,2026,5,401869956,Old Dominion @ Georgia State,Georgia State,Old Dominion,2026-10-03T19:30:00.000Z,winner,LEAN,Georgia State to WIN the game,BUY NO,NO,Old Dominion,Georgia State,,,56,0.56,0.0172,0.579,0.2,Georgia State -3.3,57.5,KXNCAAFGAME-26OCT03ODUGAST-ODU,Old Dominion wins,42.0,10.0,False,W,0.7325,kalshi,2026-10-05T17:27:28+00:00,
2026-10-02T23:17:47+00:00,2026,5,401869956,Old Dominion @ Georgia State,Georgia State,Old Dominion,2026-10-03T19:30:00.000Z,spread,LEAN,"Old Dominion wins by 2 or fewer, or loses",BUY NO,NO,Old Dominion,Georgia State,2.5,,60,0.6,0.0168,0.631,1.4,Georgia State -3.3,57.5,KXNCAAFSPREAD-26OCT03ODUGAST-ODU3,Old Dominion wins by over 2.5 points,42.0,10.0,False,W,0.6213,kalshi,2026-10-05T17:27:28+00:00,
2026-10-02T23:17:47+00:00,2026,5,401858247,California @ UNLV,UNLV,California,2026-10-03T19:30:00.000Z,spread,BET,UNLV wins by MORE than 3.5,BUY YES,YES,UNLV,California,3.5,,42,0.42,0.0171,0.626,18.9,UNLV -8.1,44.0,KXNCAAFSPREAD-26OCT03CALUNLV-UNLV4,UNLV wins by over 3.5 points,39.0,31.0,True,W,1.2878,kalshi,2026-10-05T17:27:28+00:00,
2026-10-02T23:17:47+00:00,2026,5,401858247,California @ UNLV,UNLV,California,2026-10-03T19:30:00.000Z,total,BET,UNDER 49.5 total points,BUY NO,NO,,,49.5,False,39,0.39,0.0167,0.633,22.7,UNLV -8.1,44.0,KXNCAAFTOTAL-26OCT03CALUNLV-50,Over 49.5 points scored,39.0,31.0,True,L,-1.0,kalshi,2026-10-05T17:27:28+00:00,
2026-10-02T23:17:47+00:00,2026,5,401856708,Florida @ Missouri,Missouri,Florida,2026-10-03T19:30:00.000Z,total,BET,OVER 60.5 total points,BUY YES,YES,,,60.5,False,43,0.43,0.0172,0.574,12.7,Florida -2.9,63.4,KXNCAAFTOTAL-26OCT03FLAMIZZ-61,Over 60.5 points scored,45.0,17.0,True,W,1.2361,kalshi,2026-10-05T17:27:28+00:00,
2026-10-02T23:17:47+00:00,2026,5,401858248,Louisville @ NC State,NC State,Louisville,2026-10-03T19:30:00.000Z,winner,PASS,Louisville to WIN the game,BUY YES,YES,Louisville,NC State,,,61,0.61,0.0167,0.527,-10.0,Louisville -1.1,69.6,KXNCAAFGAME-26OCT03LOUNCST-LOU,Louisville wins,31.0,28.0,False,L,-1.0,kalshi,2026-10-05T17:27:28+00:00,
2026-10-02T23:17:47+00:00,2026,5,401858248,Louisville @ NC State,NC State,Louisville,2026-10-03T19:30:00.000Z,total,BET,OVER 59.5 total points,BUY YES,YES,,,59.5,False,44,0.44,0.0172,0.732,27.4,Louisville -1.1,69.6,KXNCAAFTOTAL-26OCT03LOUNCST-60,Over 59.5 points scored,31.0,28.0,False,L,-1.0,kalshi,2026-10-05T17:27:28+00:00,
2026-10-02T23:17:47+00:00,2026,5,401866430,Akron @ Central Michigan,Central Michigan,Akron,2026-10-03T19:30:00.000Z,total,BET,UNDER 41.5 total points,BUY NO,NO,,,41.5,False,35,0.35,0.0159,0.508,14.2,Central Michigan -8.2,41.2,KXNCAAFTOTAL-26OCT03AKRCMU-42,Over 41.5 points scored,41.0,17.0,True,L,-1.0,kalshi,2026-10-05T17:27:28+00:00,
2026-10-02T23:17:47+00:00,2026,5,401864515,Wyoming @ North Dakota State,North Dakota State,Wyoming,2026-10-03T19:30:00.000Z,spread,BET,North Dakota State wins by MORE than 17.5,BUY YES,YES,North Dakota State,Wyoming,17.5,,48,0.48,0.0175,0.569,7.2,North Dakota State -22.2,30.1,KXNCAAFSPREAD-26OCT03WYONDSU-NDSU18,North Dakota St. wins by over 17.5 points,28.0,0.0,True,W,1.0101,kalshi,2026-10-05T17:27:28+00:00,
2026-10-02T23:17:47+00:00,2026,5,401864515,Wyoming @ North Dakota State,North Dakota State,Wyoming,2026-10-03T19:30:00.000Z,total,BET,UNDER 40.5 total points,BUY NO,NO,,,40.5,False,36,0.36,0.0161,0.718,34.1,North Dakota State -22.2,30.1,KXNCAAFTOTAL-26OCT03WYONDSU-41,Full Game: Over 40.5 points scored,28.0,0.0,False,W,1.6589,kalshi,2026-10-05T17:27:28+00:00,
2026-10-02T23:17:47+00:00,2026,5,401858473,Ohio State @ Iowa,Iowa,Ohio State,2026-10-03T19:30:00.000Z,winner,PASS,Ohio State to WIN the game,BUY YES,YES,Ohio State,Iowa,,,85,0.85,0.0089,0.728,-13.1,Ohio State -9.4,44.2,KXNCAAFGAME-26OCT03OSUIOWA-OSU,Ohio St. wins,14.0,31.0,True,W,0.1643,kalshi,2026-10-05T17:27:28+00:00,
2026-10-02T23:17:47+00:00,2026,5,401866433,Eastern Michigan @ Massachusetts,Massachusetts,Eastern Michigan,2026-10-03T19:30:00.000Z,winner,BET,Massachusetts to WIN the game,BUY YES,YES,Massachusetts,Eastern Michigan,,,67,0.67,0.0155,0.759,7.4,Massachusetts -11.0,44.2,KXNCAAFGAME-26OCT03EMUMASS-MASS,UMass wins,14.0,38.0,False,L,-1.0,kalshi,2026-10-05T17:27:28+00:00,
2026-10-02T23:17:47+00:00,2026,5,401866433,Eastern Michigan @ Massachusetts,Massachusetts,Eastern Michigan,2026-10-03T19:30:00.000Z,total,BET,UNDER 46.5 total points,BUY NO,NO,,,46.5,False,44,0.44,0.0172,0.551,9.3,Massachusetts -11.0,44.2,KXNCAAFTOTAL-26OCT03EMUMASS-47,Full Game: Over 46.5 points scored,14.0,38.0,True,L,-1.0,kalshi,2026-10-05T17:27:28+00:00,
2026-10-02T23:17:47+00:00,2026,5,401858253,Virginia @ Florida State,Florida State,Virginia,2026-10-03T19:30:00.000Z,total,LEAN,UNDER 54.5 total points,BUY NO,NO,,,54.5,False,56,0.56,0.0172,0.58,0.2,Virginia -2.3,51.0,KXNCAAFTOTAL-26OCT03UVAFSU-55,Over 54.5 points scored,38.0,7.0,False,W,0.7325,kalshi,2026-10-05T17:27:28+00:00,
2026-10-02T23:17:47+00:00,2026,5,401869962,Marshall @ James Madison,James Madison,Marshall,2026-10-03T19:45:00.000Z,spread,BET,James Madison wins by MORE than 21.5,BUY YES,YES,James Madison,Marshall,21.5,,39,0.39,0.0167,0.643,23.6,James Madison -27.2,61.4,KXNCAAFSPREAD-26OCT03MRSHJMU-JMU22,James Madison wins by over 21.5 points,45.0,17.0,True,W,1.4588,kalshi,2026-10-05T17:27:28+00:00,
2026-10-02T23:17:47+00:00,2026,5,401869962,Marshall @ James Madison,James Madison,Marshall,2026-10-03T19:45:00.000Z,total,BET,OVER 59.5 total points,BUY YES,YES,,,59.5,False,40,0.4,0.0168,0.545,12.9,James Madison -27.2,61.4,KXNCAAFTOTAL-26OCT03MRSHJMU-60,Over 59.5 points scored,45.0,17.0,True,W,1.3992,kalshi,2026-10-05T17:27:28+00:00,
2026-10-02T23:17:47+00:00,2026,5,401858475,Maryland @ Nebraska,Nebraska,Maryland,2026-10-03T20:00:00.000Z,spread,LEAN,"Nebraska wins by 20 or fewer, or loses",BUY NO,NO,Nebraska,Maryland,20.5,,63,0.63,0.0163,0.646,0.0,Nebraska -14.5,55.6,KXNCAAFSPREAD-26OCT03MDNEB-NEB21,Nebraska wins by over 20.5 points,48.0,23.0,True,L,-1.0,kalshi,2026-10-05T17:27:28+00:00,
2026-10-02T23:17:47+00:00,2026,5,401856709,Kentucky @ South Carolina,South Carolina,Kentucky,2026-10-03T20:15:00.000Z,spread,PASS,"Kentucky wins by 1 or fewer, or loses",BUY NO,NO,Kentucky,South Carolina,1.5,,57,0.57,0.0172,0.577,-1.0,South Carolina -1.9,52.7,KXNCAAFSPREAD-26OCT03UKSCAR-UK2,Kentucky wins by over 1.5 points,34.0,35.0,False,W,0.703,kalshi,2026-10-05T17:27:28+00:00,
2026-10-02T23:17:47+00:00,2026,5,401858472,Purdue @ Illinois,Illinois,Purdue,2026-10-03T20:15:00.000Z,winner,LEAN,Illinois to WIN the game,BUY YES,YES,Illinois,Purdue,,,77,0.77,0.0124,0.786,0.3,Illinois -12.1,67.0,KXNCAAFGAME-26OCT03PURILL-ILL,Illinois wins,17.0,24.0,False,L,-1.0,kalshi,2026-10-05T17:27:28+00:00,
2026-10-02T23:17:47+00:00,2026,5,401858472,Purdue @ Illinois,Illinois,Purdue,2026-10-03T20:15:00.000Z,total,BET,OVER 62.5 total points,BUY YES,YES,,,62.5,False,49,0.49,0.0175,0.606,9.9,Illinois -12.1,67.0,KXNCAAFTOTAL-26OCT03PURILL-63,Over 62.5 points scored,17.0,24.0,False,L,-1.0,kalshi,2026-10-05T17:27:28+00:00,
2026-10-02T23:17:47+00:00,2026,5,401860899,Oregon State @ Colorado State,Colorado State,Oregon State,2026-10-03T22:00:00.000Z,winner,PASS,Oregon State to WIN the game,BUY YES,YES,Oregon State,Colorado State,,,68,0.68,0.0152,0.544,-15.1,Oregon State -1.9,66.1,KXNCAAFGAME-26OCT03ORSTCSU-ORST,Oregon St. wins,26.0,56.0,True,W,0.4384,kalshi,2026-10-05T17:27:28+00:00,
2026-10-02T23:17:47+00:00,2026,5,401860899,Oregon State @ Colorado State,Colorado State,Oregon State,2026-10-03T22:00:00.000Z,total,BET,OVER 58.5 total points,BUY YES,YES,,,58.5,False,57,0.57,0.0172,0.674,8.6,Oregon State -1.9,66.1,KXNCAAFTOTAL-26OCT03ORSTCSU-59,Over 58.5 points scored,26.0,56.0,True,W,0.703,kalshi,2026-10-05T17:27:28+00:00,
2026-10-02T23:17:47+00:00,2026,5,401869942,Georgia Southern @ Coastal Carolina,Coastal Carolina,Georgia Southern,2026-10-03T23:00:00.000Z,total,BET,UNDER 49.5 total points,BUY NO,NO,,,49.5,False,41,0.41,0.0169,0.516,8.9,Georgia Southern -1.1,48.8,KXNCAAFTOTAL-26OCT03GASOCCAR-50,Full Game: Over 49.5 points scored,24.0,31.0,True,L,-1.0,kalshi,2026-10-05T17:27:28+00:00,
2026-10-02T23:17:47+00:00,2026,5,401856818,BYU @ TCU,TCU,BYU,2026-10-03T23:00:00.000Z,total,LEAN,UNDER 47.5 total points,BUY NO,NO,,,47.5,False,48,0.48,0.0175,0.501,0.4,BYU -4.8,47.6,KXNCAAFTOTAL-26OCT03BYUTCU-48,Over 47.5 points scored,10.0,17.0,False,W,1.0101,kalshi,2026-10-05T17:27:28+00:00,
2026-10-02T23:17:47+00:00,2026,5,401871089,UL Monroe @ South Alabama,South Alabama,UL Monroe,2026-10-03T23:00:00.000Z,winner,LEAN,South Alabama to WIN the game,BUY NO,NO,UL Monroe,South Alabama,,,84,0.84,0.0094,0.893,4.3,South Alabama -18.9,64.0,KXNCAAFGAME-26OCT03ULMUSA-ULM,Louisiana-Monroe wins,52.0,35.0,False,W,0.1773,kalshi,2026-10-05T17:27:28+00:00,
2026-10-02T23:17:47+00:00,2026,5,401856711,Arkansas @ Texas A&M,Texas A&M,Arkansas,2026-10-03T23:00:00.000Z,winner,PASS,Texas A&M to WIN the game,BUY YES,YES,Texas A&M,Arkansas,,,84,0.84,0.0094,0.817,-3.3,Texas A&M -13.8,57.5,KXNCAAFGAME-26OCT03ARKTXAM-TXAM,Texas A&M wins,34.0,7.0,True,W,0.1773,kalshi,2026-10-05T17:27:28+00:00,
2026-10-02T23:17:47+00:00,2026,5,401856711,Arkansas @ Texas A&M,Texas A&M,Arkansas,2026-10-03T23:00:00.000Z,spread,PASS,Texas A&M wins by MORE than 10.5,BUY YES,YES,Texas A&M,Arkansas,10.5,,58,0.58,0.0171,0.585,-1.2,Texas A&M -13.8,57.5,KXNCAAFSPREAD-26OCT03ARKTXAM-TXAM11,Texas A&M wins by over 10.5 points,34.0,7.0,True,W,0.6748,kalshi,2026-10-05T17:27:28+00:00,
2026-10-02T23:17:47+00:00,2026,5,401862792,Temple @ South Florida,South Florida,Temple,2026-10-03T23:30:00.000Z,winner,BET,South Florida to WIN the game,BUY YES,YES,South Florida,Temple,,,67,0.67,0.0155,0.792,10.7,South Florida -12.7,54.9,KXNCAAFGAME-26OCT03TEMUSF-USF,South Florida wins,13.0,17.0,False,L,-1.0,kalshi,2026-10-05T17:27:28+00:00,
2026-10-02T23:17:47+00:00,2026,5,401869842,Army @ Louisiana Tech,Louisiana Tech,Army,2026-10-03T23:30:00.000Z,winner,PASS,Army to WIN the game,BUY NO,NO,Louisiana Tech,Army,,,54,0.54,0.0174,0.544,-1.3,Army -1.6,52.8,KXNCAAFGAME-26OCT03ARMYLT-LT,Louisiana Tech wins,31.0,29.0,True,L,-1.0,kalshi,2026-10-05T17:27:28+00:00,
2026-10-02T23:17:47+00:00,2026,5,401869842,Army @ Louisiana Tech,Louisiana Tech,Army,2026-10-03T23:30:00.000Z,spread,PASS,Army wins by MORE than 1.5,BUY YES,YES,Army,Louisiana Tech,1.5,,51,0.51,0.0175,0.517,-1.0,Army -1.6,52.8,KXNCAAFSPREAD-26OCT03ARMYLT-ARMY2,Army wins by over 1.5 points,31.0,29.0,False,L,-1.0,kalshi,2026-10-05T17:27:28+00:00,
2026-10-02T23:17:47+00:00,2026,5,401860898,Utah State @ Boise State,Boise State,Utah State,2026-10-03T23:30:00.000Z,spread,PASS,Boise State wins by MORE than 7.5,BUY YES,YES,Boise State,Utah State,7.5,,77,0.77,0.0124,0.774,-0.8,Boise State -19.5,43.0,KXNCAAFSPREAD-26OCT03USUBSU-BSU8,Boise St. wins by over 7.5 points,37.0,18.0,True,W,0.2781,kalshi,2026-10-05T17:27:28+00:00,
2026-10-02T23:17:47+00:00,2026,5,401860898,Utah State @ Boise State,Boise State,Utah State,2026-10-03T23:30:00.000Z,total,BET,UNDER 47.5 total points,BUY NO,NO,,,47.5,False,38,0.38,0.0165,0.604,20.8,Boise State -19.5,43.0,KXNCAAFTOTAL-26OCT03USUBSU-48,Over 47.5 points scored,37.0,18.0,True,L,-1.0,kalshi,2026-10-05T17:27:28+00:00,
2026-10-02T23:17:47+00:00,2026,5,401858249,Miami @ Clemson,Clemson,Miami,2026-10-03T23:30:00.000Z,spread,BET,"Miami wins by 13 or fewer, or loses",BUY NO,NO,Miami,Clemson,13.5,,43,0.43,0.0172,0.508,6.1,Miami -13.4,51.4,KXNCAAFSPREAD-26OCT03MIACLEM-MIA14,Miami (FL) wins by over 13.5 points,13.0,41.0,True,L,-1.0,kalshi,2026-10-05T17:27:28+00:00,
2026-10-02T23:17:47+00:00,2026,5,401858249,Miami @ Clemson,Clemson,Miami,2026-10-03T23:30:00.000Z,total,BET,OVER 51.5 total points,BUY YES,YES,,,51.5,False,38,0.38,0.0165,0.5,10.4,Miami -13.4,51.4,KXNCAAFTOTAL-26OCT03MIACLEM-52,Over 51.5 points scored,13.0,41.0,True,W,1.5221,kalshi,2026-10-05T17:27:28+00:00,
2026-10-02T23:17:47+00:00,2026,5,401858478,Washington @ USC,USC,Washington,2026-10-03T23:30:00.000Z,spread,PASS,USC wins by MORE than 7.5,BUY YES,YES,USC,Washington,7.5,,54,0.54,0.0174,0.552,-0.5,USC -9.7,62.4,KXNCAAFSPREAD-26OCT03WASHUSC-USC8,USC wins by over 7.5 points,25.0,21.0,False,L,-1.0,kalshi,2026-10-05T17:27:28+00:00,
2026-10-02T23:17:47+00:00,2026,5,401856821,Texas Tech @ Colorado,Colorado,Texas Tech,2026-10-03T23:30:00.000Z,winner,LEAN,Texas Tech to WIN the game,BUY YES,YES,Texas Tech,Colorado,,,82,0.82,0.0103,0.852,2.2,Texas Tech -16.0,48.0,KXNCAAFGAME-26OCT03TTUCOLO-TTU,Texas Tech wins,7.0,29.0,True,W,0.2044,kalshi,2026-10-05T17:27:28+00:00,
2026-10-02T23:17:47+00:00,2026,5,401869932,Arkansas State @ Louisiana,Louisiana,Arkansas State,2026-10-04T00:00:00.000Z,winner,PASS,Louisiana to WIN the game,BUY YES,YES,Louisiana,Arkansas State,,,69,0.69,0.015,0.689,-1.6,Louisiana -7.4,44.9,KXNCAAFGAME-26OCT03ARSTULL-ULL,Louisiana wins,23.0,20.0,True,W,0.4184,kalshi,2026-10-05T17:27:28+00:00,
2026-10-02T23:17:47+00:00,2026,5,401869932,Arkansas State @ Louisiana,Louisiana,Arkansas State,2026-10-04T00:00:00.000Z,total,BET,UNDER 46.5 total points,BUY NO,NO,,,46.5,False,45,0.45,0.0173,0.536,6.9,Louisiana -7.4,44.9,KXNCAAFTOTAL-26OCT03ARSTULL-47,Full Game: Over 46.5 points scored,23.0,20.0,False,W,1.14,kalshi,2026-10-05T17:27:28+00:00,
2026-10-02T23:17:47+00:00,2026,5,401860900,Texas State @ San Diego State,San Diego State,Texas State,2026-10-04T02:30:00.000Z,total,PASS,UNDER 66.5 total points,BUY NO,NO,,,66.5,False,72,0.72,0.0141,0.723,-1.1,San Diego State -0.5,56.7,KXNCAAFTOTAL-26OCT03TXSTSDSU-67,Over 66.5 points scored,31.0,29.0,False,W,0.3622,kalshi,2026-10-05T17:27:28+00:00,
2026-10-02T23:17:47+00:00,2026,5,401856817,Baylor @ Arizona State,Arizona State,Baylor,2026-10-04T02:30:00.000Z,total,BET,OVER 52.5 total points,BUY YES,YES,,,52.5,False,39,0.39,0.0167,0.543,13.7,Arizona State -0.5,53.8,KXNCAAFTOTAL-26OCT03BAYASU-53,Over 52.5 points scored,19.0,55.0,True,W,1.4588,kalshi,2026-10-05T17:27:28+00:00,
2026-10-02T23:17:47+00:00,2026,5,401856820,Cincinnati @ Arizona,Arizona,Cincinnati,2026-10-04T03:00:00.000Z,winner,PASS,Arizona to WIN the game,BUY YES,YES,Arizona,Cincinnati,,,69,0.69,0.015,0.641,-6.4,Arizona -5.4,59.3,KXNCAAFGAME-26OCT03CINARIZ-ARIZ,Arizona wins,34.0,7.0,True,W,0.4184,kalshi,2026-10-05T17:27:28+00:00,
2026-10-02T23:17:47+00:00,2026,5,401856820,Cincinnati @ Arizona,Arizona,Cincinnati,2026-10-04T03:00:00.000Z,total,BET,OVER 55.5 total points,BUY YES,YES,,,55.5,False,50,0.5,0.0175,0.581,6.4,Arizona -5.4,59.3,KXNCAAFTOTAL-26OCT03CINARIZ-56,Over 55.5 points scored,34.0,7.0,False,L,-1.0,kalshi,2026-10-05T17:27:28+00:00,
2026-10-02T23:17:47+00:00,2026,5,401864513,San José State @ Hawai'i,Hawai'i,San José State,2026-10-04T03:59:00.000Z,spread,BET,Hawai'i wins by MORE than 4.5,BUY YES,YES,Hawai'i,San José State,4.5,,42,0.42,0.0171,0.505,6.8,Hawai'i -4.5,50.8,KXNCAAFSPREAD-26OCT04SJSUHAW-HAW5,Hawai'i wins by over 4.5 points,16.0,20.0,False,L,-1.0,kalshi,2026-10-05T17:27:28+00:00,
2026-10-02T23:17:47+00:00,2026,5,401864513,San José State @ Hawai'i,Hawai'i,San José State,2026-10-04T03:59:00.000Z,total,PASS,UNDER 56.5 total points,BUY NO,NO,,,56.5,False,64,0.64,0.0161,0.633,-2.3,Hawai'i -4.5,50.8,KXNCAAFTOTAL-26OCT04SJSUHAW-57,Over 56.5 points scored,16.0,20.0,False,W,0.5242,kalshi,2026-10-05T17:27:28+00:00,
2026-10-03T18:41:15+00:00,2026,5,401869956,Old Dominion @ Georgia State,Georgia State,Old Dominion,2026-10-03T19:30:00.000Z,total,BET,OVER 55.5 total points,BUY YES,YES,,,55.5,False,41,0.41,0.0169,0.544,11.7,Georgia State -3.2,57.3,KXNCAAFTOTAL-26OCT03ODUGAST-56,Over 55.5 points scored,42.0,10.0,False,L,-1.0,kalshi,2026-10-05T17:27:28+00:00,
2026-10-03T18:41:15+00:00,2026,5,401858253,Virginia @ Florida State,Florida State,Virginia,2026-10-03T19:30:00.000Z,spread,LEAN,"Florida State wins by 1 or fewer, or loses",BUY NO,NO,Florida State,Virginia,1.5,,54,0.54,0.0174,0.578,2.1,Virginia -2.0,51.1,KXNCAAFSPREAD-26OCT03UVAFSU-FSU2,Florida St. wins by over 1.5 points,38.0,7.0,True,L,-1.0,kalshi,2026-10-05T17:27:28+00:00,
2026-10-03T18:41:15+00:00,2026,5,401856710,Auburn @ Tennessee,Tennessee,Auburn,2026-10-03T19:30:00.000Z,winner,LEAN,Tennessee to WIN the game,BUY YES,YES,Tennessee,Auburn,,,70,0.7,0.0147,0.72,0.5,Tennessee -9.1,58.9,KXNCAAFGAME-26OCT03AUBTENN-TENN,Tennessee wins,24.0,14.0,True,W,0.3992,kalshi,2026-10-05T17:27:28+00:00,
2026-10-03T18:41:15+00:00,2026,5,401856708,Florida @ Missouri,Missouri,Florida,2026-10-03T19:30:00.000Z,spread,LEAN,"Florida wins by 5 or fewer, or loses",BUY NO,NO,Florida,Missouri,5.5,,49,0.49,0.0175,0.557,5.0,Florida -2.8,63.4,KXNCAAFSPREAD-26OCT03FLAMIZZ-FLA6,Florida wins by over 5.5 points,45.0,17.0,False,W,0.9704,kalshi,2026-10-05T17:27:28+00:00,
2026-10-03T18:41:15+00:00,2026,5,401866477,Bowling Green @ Miami (OH),Miami (OH),Bowling Green,2026-10-03T19:30:00.000Z,total,PASS,OVER 41.5 total points,BUY YES,YES,,,41.5,False,50,0.5,0.0175,0.512,-0.6,Miami (OH) -17.1,41.6,KXNCAAFTOTAL-26OCT03BGSUMOH-42,Full Game: Over 41.5 points scored,20.0,24.0,True,W,0.9324,kalshi,2026-10-05T17:27:28+00:00,
2026-10-03T18:41:15+00:00,2026,5,401869962,Marshall @ James Madison,James Madison,Marshall,2026-10-03T19:45:00.000Z,total,BET,OVER 57.5 total points,BUY YES,YES,,,57.5,False,44,0.44,0.0172,0.613,15.6,James Madison -28.1,62.2,KXNCAAFTOTAL-26OCT03MRSHJMU-58,Over 57.5 points scored,45.0,17.0,True,W,1.1872,kalshi,2026-10-05T17:27:28+00:00,
2026-10-03T18:41:15+00:00,2026,5,401858475,Maryland @ Nebraska,Nebraska,Maryland,2026-10-03T20:00:00.000Z,total,BET,OVER 52.5 total points,BUY YES,YES,,,52.5,False,50,0.5,0.0175,0.572,5.5,Nebraska -14.5,55.3,KXNCAAFTOTAL-26OCT03MDNEB-53,Over 52.5 points scored,48.0,23.0,True,W,0.9324,kalshi,2026-10-05T17:27:28+00:00,
2026-10-03T18:41:15+00:00,2026,5,401856709,Kentucky @ South Carolina,South Carolina,Kentucky,2026-10-03T20:15:00.000Z,spread,PASS,"Kentucky wins by 2 or fewer, or loses",BUY NO,NO,Kentucky,South Carolina,2.5,,59,0.59,0.0169,0.599,-0.8,South Carolina -1.9,52.6,KXNCAAFSPREAD-26OCT03UKSCAR-UK3,Kentucky wins by over 2.5 points,34.0,35.0,False,W,0.6477,kalshi,2026-10-05T17:27:28+00:00,
2026-10-03T18:41:15+00:00,2026,5,401862788,UTSA @ Rice,Rice,UTSA,2026-10-03T23:00:00.000Z,winner,PASS,UTSA to WIN the game,BUY YES,YES,UTSA,Rice,,,82,0.82,0.0103,0.696,-13.5,UTSA -7.9,55.2,KXNCAAFGAME-26OCT03UTSARICE-UTSA,UTSA wins,14.0,16.0,True,W,0.2044,kalshi,2026-10-05T17:27:28+00:00,
2026-10-03T18:41:15+00:00,2026,5,401862788,UTSA @ Rice,Rice,UTSA,2026-10-03T23:00:00.000Z,total,PASS,UNDER 62.5 total points,BUY NO,NO,,,62.5,False,66,0.66,0.0157,0.663,-1.3,UTSA -7.9,55.2,KXNCAAFTOTAL-26OCT03UTSARICE-63,Over 62.5 points scored,14.0,16.0,False,W,0.4799,kalshi,2026-10-05T17:27:28+00:00,
2026-10-03T18:41:15+00:00,2026,5,401856711,Arkansas @ Texas A&M,Texas A&M,Arkansas,2026-10-03T23:00:00.000Z,total,BET,OVER 52.5 total points,BUY YES,YES,,,52.5,False,43,0.43,0.0172,0.626,17.9,Texas A&M -13.8,57.6,KXNCAAFTOTAL-26OCT03ARKTXAM-53,Over 52.5 points scored,34.0,7.0,False,L,-1.0,kalshi,2026-10-05T17:27:28+00:00,
2026-10-03T18:41:15+00:00,2026,5,401869942,Georgia Southern @ Coastal Carolina,Coastal Carolina,Georgia Southern,2026-10-03T23:00:00.000Z,spread,PASS,"Georgia Southern wins by 1 or fewer, or loses",BUY NO,NO,Georgia Southern,Coastal Carolina,1.5,,49,0.49,0.0175,0.501,-0.7,Georgia Southern -1.2,48.9,KXNCAAFSPREAD-26OCT03GASOCCAR-GASO2,Georgia Southern wins by over 1.5 points,24.0,31.0,True,L,-1.0,kalshi,2026-10-05T17:27:28+00:00,
2026-10-03T18:41:15+00:00,2026,5,401856818,BYU @ TCU,TCU,BYU,2026-10-03T23:00:00.000Z,winner,PASS,BYU to WIN the game,BUY YES,YES,BYU,TCU,,,67,0.67,0.0155,0.626,-5.9,BYU -4.8,47.7,KXNCAAFGAME-26OCT03BYUTCU-BYU,BYU wins,10.0,17.0,True,W,0.4588,kalshi,2026-10-05T17:27:28+00:00,
2026-10-03T18:41:15+00:00,2026,5,401856818,BYU @ TCU,TCU,BYU,2026-10-03T23:00:00.000Z,total,PASS,UNDER 54.5 total points,BUY NO,NO,,,54.5,False,66,0.66,0.0157,0.661,-1.4,BYU -4.8,47.7,KXNCAAFTOTAL-26OCT03BYUTCU-55,Over 54.5 points scored,10.0,17.0,False,W,0.4799,kalshi,2026-10-05T17:27:28+00:00,
2026-10-03T18:41:15+00:00,2026,5,401871089,UL Monroe @ South Alabama,South Alabama,UL Monroe,2026-10-03T23:00:00.000Z,total,BET,OVER 57.5 total points,BUY YES,YES,,,57.5,False,48,0.48,0.0175,0.658,16.0,South Alabama -18.9,64.1,KXNCAAFTOTAL-26OCT03ULMUSA-58,Over 57.5 points scored,52.0,35.0,True,W,1.0101,kalshi,2026-10-05T17:27:28+00:00,
2026-10-03T18:41:15+00:00,2026,5,401860898,Utah State @ Boise State,Boise State,Utah State,2026-10-03T23:30:00.000Z,spread,PASS,Boise State wins by MORE than 14.5,BUY YES,YES,Boise State,Utah State,14.5,,61,0.61,0.0167,0.622,-0.5,Boise State -19.8,42.8,KXNCAAFSPREAD-26OCT03USUBSU-BSU15,Boise St. wins by over 14.5 points,37.0,18.0,True,W,0.5957,kalshi,2026-10-05T17:27:28+00:00,
2026-10-03T18:41:15+00:00,2026,5,401869842,Army @ Louisiana Tech,Louisiana Tech,Army,2026-10-03T23:30:00.000Z,total,BET,OVER 48.5 total points,BUY YES,YES,,,48.5,False,45,0.45,0.0173,0.603,13.6,Army -1.5,52.9,KXNCAAFTOTAL-26OCT03ARMYLT-49,Full Game: Over 48.5 points scored,31.0,29.0,True,W,1.14,kalshi,2026-10-05T17:27:28+00:00,
2026-10-03T18:41:15+00:00,2026,5,401869932,Arkansas State @ Louisiana,Louisiana,Arkansas State,2026-10-04T00:00:00.000Z,spread,LEAN,Louisiana wins by MORE than 6.5,BUY YES,YES,Louisiana,Arkansas State,6.5,,46,0.46,0.0174,0.507,3.0,Louisiana -6.7,44.3,KXNCAAFSPREAD-26OCT03ARSTULL-ULL7,Louisiana wins by over 6.5 points,23.0,20.0,False,L,-1.0,kalshi,2026-10-05T17:27:28+00:00,
2026-10-03T18:41:15+00:00,2026,5,401869932,Arkansas State @ Louisiana,Louisiana,Arkansas State,2026-10-04T00:00:00.000Z,total,BET,UNDER 47.5 total points,BUY NO,NO,,,47.5,False,45,0.45,0.0173,0.574,10.7,Louisiana -6.7,44.3,KXNCAAFTOTAL-26OCT03ARSTULL-48,Full Game: Over 47.5 points scored,23.0,20.0,False,W,1.14,kalshi,2026-10-05T17:27:28+00:00,
2026-10-03T18:41:15+00:00,2026,5,401860921,Fresno State @ Washington State,Washington State,Fresno State,2026-10-04T01:30:00.000Z,spread,BET,"Washington State wins by 1 or fewer, or loses",BUY NO,NO,Washington State,Fresno State,1.5,,49,0.49,0.0175,0.571,6.4,Fresno State -1.5,36.2,KXNCAAFSPREAD-26OCT03FRESWSU-WSU2,Washington St. wins by over 1.5 points,6.0,26.0,False,W,0.9704,kalshi,2026-10-05T17:27:28+00:00,
2026-10-03T18:41:15+00:00,2026,5,401864513,San José State @ Hawai'i,Hawai'i,San José State,2026-10-04T03:59:00.000Z,winner,LEAN,Hawai'i to WIN the game,BUY YES,YES,Hawai'i,San José State,,,58,0.58,0.0171,0.623,2.6,Hawai'i -4.6,51.0,KXNCAAFGAME-26OCT04SJSUHAW-HAW,Hawai'i wins,16.0,20.0,False,L,-1.0,kalshi,2026-10-05T17:27:28+00:00,
2026-10-05T17:27:28+00:00,2026,6,401871090,Southern Miss @ Troy,Troy,Southern Miss,2026-10-07T00:00:00.000Z,winner,PASS,Troy to WIN the game,BUY YES,YES,Troy,Southern Miss,,,78,0.78,0.012,0.671,-12.1,Troy -6.8,47.4,KXNCAAFGAME-26OCT06USMTROY-TROY,Troy wins,55.0,34.0,True,W,0.2626,kalshi,2026-10-07T14:16:17+00:00,
2026-10-05T17:27:28+00:00,2026,6,401871090,Southern Miss @ Troy,Troy,Southern Miss,2026-10-07T00:00:00.000Z,spread,BET,"Troy wins by 9 or fewer, or loses",BUY NO,NO,Troy,Southern Miss,9.5,,47,0.47,0.0174,0.567,8.0,Troy -6.8,47.4,KXNCAAFSPREAD-26OCT06USMTROY-TROY10,Troy wins by over 9.5 points,55.0,34.0,True,L,-1.0,kalshi,2026-10-07T14:16:17+00:00,
2026-10-05T17:27:28+00:00,2026,6,401871090,Southern Miss @ Troy,Troy,Southern Miss,2026-10-07T00:00:00.000Z,total,LEAN,UNDER 48.5 total points,BUY NO,NO,,,48.5,False,48,0.48,0.0175,0.523,2.6,Troy -6.8,47.4,KXNCAAFTOTAL-26OCT06USMTROY-49,Full Game: Over 48.5 points scored,55.0,34.0,True,L,-1.0,kalshi,2026-10-07T14:16:17+00:00,
2026-10-05T17:27:28+00:00,2026,6,401871051,Jacksonville State @ Kennesaw State,Kennesaw State,Jacksonville State,2026-10-07T23:00:00.000Z,winner,BET,Kennesaw State to WIN the game,BUY YES,YES,Kennesaw State,Jacksonville State,,,44,0.44,0.0172,0.545,8.8,Kennesaw State -1.9,41.6,KXNCAAFGAME-26OCT07JVSTKENN-KENN,Kennesaw St. wins,26.0,27.0,False,L,-1.0,kalshi,2026-10-09T23:19:03+00:00,
2026-10-05T17:27:28+00:00,2026,6,401871051,Jacksonville State @ Kennesaw State,Kennesaw State,Jacksonville State,2026-10-07T23:00:00.000Z,spread,BET,"Jacksonville State wins by 2 or fewer, or loses",BUY NO,NO,Jacksonville State,Kennesaw State,2.5,,47,0.47,0.0174,0.598,11.1,Kennesaw State -1.9,41.6,KXNCAAFSPREAD-26OCT07JVSTKENN-JVST3,Jacksonville St. wins by over 2.5 points,26.0,27.0,False,W,1.0517,kalshi,2026-10-09T23:19:03+00:00,
2026-10-05T17:27:28+00:00,2026,6,401871051,Jacksonville State @ Kennesaw State,Kennesaw State,Jacksonville State,2026-10-07T23:00:00.000Z,total,BET,UNDER 47.5 total points,BUY NO,NO,,,47.5,False,43,0.43,0.0172,0.639,19.1,Kennesaw State -1.9,41.6,KXNCAAFTOTAL-26OCT07JVSTKENN-48,Full Game: Over 47.5 points scored,26.0,27.0,True,L,-1.0,kalshi,2026-10-09T23:19:03+00:00,
2026-10-05T17:27:28+00:00,2026,6,401871066,New Mexico State @ Florida International,Florida International,New Mexico State,2026-10-07T23:30:00.000Z,winner,PASS,Florida International to WIN the game,BUY YES,YES,Florida International,New Mexico State,,,66,0.66,0.0157,0.619,-5.7,Florida International -4.8,36.7,KXNCAAFGAME-26OCT07NMSUFIU-FIU,Florida International wins,22.0,3.0,True,W,0.4799,kalshi,2026-10-09T23:19:03+00:00,
2026-10-05T17:27:28+00:00,2026,6,401871066,New Mexico State @ Florida International,Florida International,New Mexico State,2026-10-07T23:30:00.000Z,spread,LEAN,"Florida International wins by 5 or fewer, or loses",BUY NO,NO,Florida International,New Mexico State,5.5,,50,0.5,0.0175,0.523,0.6,Florida International -4.8,36.7,KXNCAAFSPREAD-26OCT07NMSUFIU-FIU6,Florida International wins by over 5.5 points,22.0,3.0,True,L,-1.0,kalshi,2026-10-09T23:19:03+00:00,
2026-10-05T17:27:28+00:00,2026,6,401871066,New Mexico State @ Florida International,Florida International,New Mexico State,2026-10-07T23:30:00.000Z,total,BET,UNDER 39.5 total points,BUY NO,NO,,,39.5,False,31,0.31,0.015,0.566,24.1,Florida International -4.8,36.7,KXNCAAFTOTAL-26OCT07NMSUFIU-40,Full Game: Over 39.5 points scored,22.0,3.0,False,W,2.0769,kalshi,2026-10-09T23:19:03+00:00,
2026-10-05T17:27:28+00:00,2026,6,401871052,Missouri State @ Western Kentucky,Western Kentucky,Missouri State,2026-10-08T23:00:00.000Z,winner,PASS,Western Kentucky to WIN the game,BUY YES,YES,Western Kentucky,Missouri State,,,55,0.55,0.0173,0.507,-6.1,Western Kentucky -0.4,58.3,KXNCAAFGAME-26OCT08MOSUWKU-WKU,Western Kentucky wins,34.0,13.0,True,W,0.7627,kalshi,2026-10-09T23:19:03+00:00,
2026-10-05T17:27:28+00:00,2026,6,401871052,Missouri State @ Western Kentucky,Western Kentucky,Missouri State,2026-10-08T23:00:00.000Z,spread,LEAN,"Western Kentucky wins by 1 or fewer, or loses",BUY NO,NO,Western Kentucky,Missouri State,1.5,,47,0.47,0.0174,0.521,3.3,Western Kentucky -0.4,58.3,KXNCAAFSPREAD-26OCT08MOSUWKU-WKU2,Western Kentucky wins by over 1.5 points,34.0,13.0,True,L,-1.0,kalshi,2026-10-09T23:19:03+00:00,
2026-10-05T17:27:28+00:00,2026,6,401871052,Missouri State @ Western Kentucky,Western Kentucky,Missouri State,2026-10-08T23:00:00.000Z,total,BET,OVER 57.5 total points,BUY YES,YES,,,57.5,False,45,0.45,0.0173,0.521,5.4,Western Kentucky -0.4,58.3,KXNCAAFTOTAL-26OCT08MOSUWKU-58,Full Game: Over 57.5 points scored,34.0,13.0,False,L,-1.0,kalshi,2026-10-09T23:19:03+00:00,
2026-10-05T17:27:28+00:00,2026,6,401870766,Sam Houston @ Liberty,Liberty,Sam Houston,2026-10-08T23:00:00.000Z,winner,PASS,Liberty to WIN the game,BUY NO,NO,Sam Houston,Liberty,,,83,0.83,0.0099,0.832,-0.8,Liberty -15.0,51.8,KXNCAAFGAME-26OCT08SHSULIB-SHSU,Sam Houston wins,35.0,3.0,False,W,0.1906,kalshi,2026-10-09T23:19:03+00:00,
2026-10-05T17:27:28+00:00,2026,6,401870766,Sam Houston @ Liberty,Liberty,Sam Houston,2026-10-08T23:00:00.000Z,spread,LEAN,Liberty wins by MORE than 14.5,BUY YES,YES,Liberty,Sam Houston,14.5,,45,0.45,0.0173,0.507,4.0,Liberty -15.0,51.8,KXNCAAFSPREAD-26OCT08SHSULIB-LIB15,Liberty wins by over 14.5 points,35.0,3.0,True,W,1.14,kalshi,2026-10-09T23:19:03+00:00,
2026-10-05T17:27:28+00:00,2026,6,401870766,Sam Houston @ Liberty,Liberty,Sam Houston,2026-10-08T23:00:00.000Z,total,PASS,UNDER 52.5 total points,BUY NO,NO,,,52.5,False,50,0.5,0.0175,0.511,-0.6,Liberty -15.0,51.8,KXNCAAFTOTAL-26OCT08SHSULIB-53,Full Game: Over 52.5 points scored,35.0,3.0,False,W,0.9324,kalshi,2026-10-09T23:19:03+00:00,
2026-10-05T17:27:28+00:00,2026,6,401862794,South Florida @ UTSA,UTSA,South Florida,2026-10-08T23:30:00.000Z,winner,PASS,UTSA to WIN the game,BUY YES,YES,UTSA,South Florida,,,72,0.72,0.0141,0.513,-22.1,UTSA -0.7,53.3,KXNCAAFGAME-26OCT08USFUTSA-UTSA,UTSA wins,31.0,24.0,True,W,0.3622,kalshi,2026-10-09T23:19:03+00:00,
2026-10-05T17:27:28+00:00,2026,6,401862794,South Florida @ UTSA,UTSA,South Florida,2026-10-08T23:30:00.000Z,spread,BET,"UTSA wins by 2 or fewer, or loses",BUY NO,NO,UTSA,South Florida,2.5,,35,0.35,0.0159,0.541,17.6,UTSA -0.7,53.3,KXNCAAFSPREAD-26OCT08USFUTSA-UTSA3,UTSA wins by over 2.5 points,31.0,24.0,True,L,-1.0,kalshi,2026-10-09T23:19:03+00:00,
2026-10-05T17:27:28+00:00,2026,6,401862794,South Florida @ UTSA,UTSA,South Florida,2026-10-08T23:30:00.000Z,total,LEAN,OVER 52.5 total points,BUY YES,YES,,,52.5,False,49,0.49,0.0175,0.521,1.4,UTSA -0.7,53.3,KXNCAAFTOTAL-26OCT08USFUTSA-53,Full Game: Over 52.5 points scored,31.0,24.0,True,W,0.9704,kalshi,2026-10-09T23:19:03+00:00,
2026-10-05T17:27:28+00:00,2026,6,401869933,South Alabama @ Arkansas State,Arkansas State,South Alabama,2026-10-08T23:30:00.000Z,winner,BET,Arkansas State to WIN the game,BUY NO,NO,South Alabama,Arkansas State,,,52,0.52,0.0175,0.595,5.8,Arkansas State -3.7,59.8,KXNCAAFGAME-26OCT08USAARST-USA,South Alabama wins,49.0,56.0,True,L,-1.0,kalshi,2026-10-09T23:19:03+00:00,
2026-10-05T17:27:28+00:00,2026,6,401869933,South Alabama @ Arkansas State,Arkansas State,South Alabama,2026-10-08T23:30:00.000Z,spread,BET,Arkansas State wins by MORE than 3.5,BUY YES,YES,Arkansas State,South Alabama,3.5,,41,0.41,0.0169,0.512,8.5,Arkansas State -3.7,59.8,KXNCAAFSPREAD-26OCT08USAARST-ARST4,Arkansas St. wins by over 3.5 points,49.0,56.0,False,L,-1.0,kalshi,2026-10-09T23:19:03+00:00,
2026-10-05T17:27:28+00:00,2026,6,401869933,South Alabama @ Arkansas State,Arkansas State,South Alabama,2026-10-08T23:30:00.000Z,total,BET,OVER 58.5 total points,BUY YES,YES,,,58.5,False,47,0.47,0.0174,0.539,5.2,Arkansas State -3.7,59.8,KXNCAAFTOTAL-26OCT08USAARST-59,Full Game: Over 58.5 points scored,49.0,56.0,True,W,1.0517,kalshi,2026-10-09T23:19:03+00:00,
2026-10-05T17:27:28+00:00,2026,6,401858254,Florida State @ Louisville,Louisville,Florida State,2026-10-09T23:00:00.000Z,winner,PASS,Louisville to WIN the game,BUY YES,YES,Louisville,Florida State,,,63,0.63,0.0163,0.509,-13.8,Louisville -0.5,59.5,KXNCAAFGAME-26OCT09FSULOU-LOU,Louisville wins,44.0,20.0,True,W,0.5473,kalshi,2026-10-10T14:16:18+00:00,
2026-10-05T17:27:28+00:00,2026,6,401858254,Florida State @ Louisville,Louisville,Florida State,2026-10-09T23:00:00.000Z,spread,BET,"Louisville wins by 1 or fewer, or loses",BUY NO,NO,Louisville,Florida State,1.5,,39,0.39,0.0167,0.519,11.3,Louisville -0.5,59.5,KXNCAAFSPREAD-26OCT09FSULOU-LOU2,Louisville wins by over 1.5 points,44.0,20.0,True,L,-1.0,kalshi,2026-10-10T14:16:18+00:00,
2026-10-05T17:27:28+00:00,2026,6,401858254,Florida State @ Louisville,Louisville,Florida State,2026-10-09T23:00:00.000Z,total,PASS,OVER 59.5 total points,BUY YES,YES,,,59.5,False,50,0.5,0.0175,0.502,-1.6,Louisville -0.5,59.5,KXNCAAFTOTAL-26OCT09FSULOU-60,Full Game: Over 59.5 points scored,44.0,20.0,True,W,0.9324,kalshi,2026-10-10T14:16:18+00:00,
2026-10-05T17:27:28+00:00,2026,6,401858487,Iowa @ Washington,Washington,Iowa,2026-10-10T01:00:00.000Z,winner,BET,Iowa to WIN the game,BUY NO,NO,Washington,Iowa,,,41,0.41,0.0169,0.516,8.9,Iowa -0.7,38.6,KXNCAAFGAME-26OCT09IOWAWASH-WASH,Washington wins,24.0,41.0,False,W,1.3425,kalshi,2026-10-10T14:16:18+00:00,
2026-10-05T17:27:28+00:00,2026,6,401858487,Iowa @ Washington,Washington,Iowa,2026-10-10T01:00:00.000Z,spread,BET,"Washington wins by 1 or fewer, or loses",BUY NO,NO,Washington,Iowa,1.5,,44,0.44,0.0172,0.542,8.5,Iowa -0.7,38.6,KXNCAAFSPREAD-26OCT09IOWAWASH-WASH2,Washington wins by over 1.5 points,24.0,41.0,False,W,1.1872,kalshi,2026-10-10T14:16:18+00:00,
2026-10-05T17:27:28+00:00,2026,6,401858487,Iowa @ Washington,Washington,Iowa,2026-10-10T01:00:00.000Z,total,BET,UNDER 40.5 total points,BUY NO,NO,,,40.5,False,47,0.47,0.0174,0.539,5.1,Iowa -0.7,38.6,KXNCAAFTOTAL-26OCT09IOWAWASH-41,Full Game: Over 40.5 points scored,24.0,41.0,True,L,-1.0,kalshi,2026-10-10T14:16:18+00:00,
2026-10-05T17:27:28+00:00,2026,6,401864519,Wyoming @ San José State,San José State,Wyoming,2026-10-10T01:00:00.000Z,winner,PASS,San José State to WIN the game,BUY NO,NO,Wyoming,San José State,,,69,0.69,0.015,0.684,-2.1,San José State -7.7,31.3,KXNCAAFGAME-26OCT09WYOSJSU-WYO,Wyoming wins,13.0,16.0,True,L,-1.0,kalshi,2026-10-10T14:16:18+00:00,
2026-10-05T17:27:28+00:00,2026,6,401864519,Wyoming @ San José State,San José State,Wyoming,2026-10-10T01:00:00.000Z,spread,PASS,San José State wins by MORE than 6.5,BUY YES,YES,San José State,Wyoming,6.5,,49,0.49,0.0175,0.506,-0.2,San José State -7.7,31.3,KXNCAAFSPREAD-26OCT09WYOSJSU-SJSU7,San Jose St. wins by over 6.5 points,13.0,16.0,False,L,-1.0,kalshi,2026-10-10T14:16:18+00:00,
2026-10-05T17:27:28+00:00,2026,6,401864519,Wyoming @ San José State,San José State,Wyoming,2026-10-10T01:00:00.000Z,total,BET,UNDER 33.5 total points,BUY NO,NO,,,33.5,False,26,0.26,0.0135,0.54,26.7,San José State -7.7,31.3,KXNCAAFTOTAL-26OCT09WYOSJSU-34,Full Game: Over 33.5 points scored,13.0,16.0,False,W,2.6563,kalshi,2026-10-10T14:16:18+00:00,
2026-10-05T17:27:28+00:00,2026,6,401860922,Washington State @ Utah State,Utah State,Washington State,2026-10-10T01:00:00.000Z,winner,PASS,Utah State to WIN the game,BUY NO,NO,Washington State,Utah State,,,65,0.65,0.0159,0.512,-15.4,Utah State -0.3,34.4,KXNCAAFGAME-26OCT09WSUUSU-WSU,Washington St. wins,17.0,16.0,False,W,0.5017,kalshi,2026-10-10T14:16:18+00:00,
2026-10-05T17:27:28+00:00,2026,6,401860922,Washington State @ Utah State,Utah State,Washington State,2026-10-10T01:00:00.000Z,spread,BET,"Utah State wins by 2 or fewer, or loses",BUY NO,NO,Utah State,Washington State,2.5,,41,0.41,0.0169,0.544,11.7,Utah State -0.3,34.4,KXNCAAFSPREAD-26OCT09WSUUSU-USU3,Utah St. wins by over 2.5 points,17.0,16.0,False,W,1.3425,kalshi,2026-10-10T14:16:18+00:00,
2026-10-05T17:27:28+00:00,2026,6,401860922,Washington State @ Utah State,Utah State,Washington State,2026-10-10T01:00:00.000Z,total,BET,UNDER 35.5 total points,BUY NO,NO,,,35.5,False,30,0.3,0.0147,0.522,20.7,Utah State -0.3,34.4,KXNCAAFTOTAL-26OCT09WSUUSU-36,Full Game: Over 35.5 points scored,17.0,16.0,False,W,2.1776,kalshi,2026-10-10T14:16:18+00:00,
2026-10-05T17:27:28+00:00,2026,6,401856826,Iowa State @ BYU,BYU,Iowa State,2026-10-10T02:15:00.000Z,winner,PASS,BYU to WIN the game,BUY NO,NO,Iowa State,BYU,,,79,0.79,0.0116,0.769,-3.3,BYU -11.2,48.6,KXNCAAFGAME-26OCT09ISUBYU-ISU,Iowa St. wins,24.0,10.0,False,W,0.2475,kalshi,2026-10-10T14:16:18+00:00,
2026-10-05T17:27:28+00:00,2026,6,401856826,Iowa State @ BYU,BYU,Iowa State,2026-10-10T02:15:00.000Z,spread,PASS,BYU wins by MORE than 10.5,BUY YES,YES,BYU,Iowa State,10.5,,51,0.51,0.0175,0.513,-1.5,BYU -11.2,48.6,KXNCAAFSPREAD-26OCT09ISUBYU-BYU11,BYU wins by over 10.5 points,24.0,10.0,True,W,0.8957,kalshi,2026-10-10T14:16:18+00:00,
2026-10-05T17:27:28+00:00,2026,6,401856826,Iowa State @ BYU,BYU,Iowa State,2026-10-10T02:15:00.000Z,total,PASS,OVER 48.5 total points,BUY YES,YES,,,48.5,False,51,0.51,0.0175,0.505,-2.2,BYU -11.2,48.6,KXNCAAFTOTAL-26OCT09ISUBYU-49,Full Game: Over 48.5 points scored,24.0,10.0,False,L,-1.0,kalshi,2026-10-10T14:16:18+00:00,
2026-10-05T17:27:28+00:00,2026,6,401866436,Sacramento State @ Bowling Green,Bowling Green,Sacramento State,2026-10-10T16:00:00.000Z,winner,PASS,Bowling Green to WIN the game,BUY NO,NO,Sacramento State,Bowling Green,,,73,0.73,0.0138,0.536,-20.8,Bowling Green -1.2,38.9,KXNCAAFGAME-26OCT10SACBGSU-SAC,Sacramento St. wins,38.0,10.0,False,W,0.3444,kalshi,2026-10-10T21:45:23+00:00,
2026-10-05T17:27:28+00:00,2026,6,401866436,Sacramento State @ Bowling Green,Bowling Green,Sacramento State,2026-10-10T16:00:00.000Z,spread,BET,"Bowling Green wins by 2 or fewer, or loses",BUY NO,NO,Bowling Green,Sacramento State,2.5,,31,0.31,0.015,0.519,19.4,Bowling Green -1.2,38.9,KXNCAAFSPREAD-26OCT10SACBGSU-BGSU3,Bowling Green wins by over 2.5 points,38.0,10.0,True,L,-1.0,kalshi,2026-10-10T21:45:23+00:00,
2026-10-05T17:27:28+00:00,2026,6,401866436,Sacramento State @ Bowling Green,Bowling Green,Sacramento State,2026-10-10T16:00:00.000Z,total,BET,UNDER 41.5 total points,BUY NO,NO,,,41.5,False,45,0.45,0.0173,0.557,8.9,Bowling Green -1.2,38.9,KXNCAAFTOTAL-26OCT10SACBGSU-42,Full Game: Over 41.5 points scored,38.0,10.0,True,L,-1.0,kalshi,2026-10-10T21:45:23+00:00,
2026-10-05T17:27:28+00:00,2026,6,401862795,Tulane @ Army,Army,Tulane,2026-10-10T16:00:00.000Z,winner,BET,Army to WIN the game,BUY NO,NO,Tulane,Army,,,60,0.6,0.0168,0.674,5.7,Army -6.9,36.6,KXNCAAFGAME-26OCT10TULNARMY-TULN,Tulane wins,20.0,17.0,False,W,0.6213,kalshi,2026-10-10T21:45:23+00:00,
2026-10-05T17:27:28+00:00,2026,6,401862795,Tulane @ Army,Army,Tulane,2026-10-10T16:00:00.000Z,spread,BET,Army wins by MORE than 4.5,BUY YES,YES,Army,Tulane,4.5,,46,0.46,0.0174,0.559,8.2,Army -6.9,36.6,KXNCAAFSPREAD-26OCT10TULNARMY-ARMY5,Army wins by over 4.5 points,20.0,17.0,False,L,-1.0,kalshi,2026-10-10T21:45:23+00:00,
2026-10-05T17:27:28+00:00,2026,6,401862795,Tulane @ Army,Army,Tulane,2026-10-10T16:00:00.000Z,total,BET,UNDER 37.5 total points,BUY NO,NO,,,37.5,False,26,0.26,0.0135,0.524,25.0,Army -6.9,36.6,KXNCAAFTOTAL-26OCT10TULNARMY-38,Full Game: Over 37.5 points scored,20.0,17.0,False,W,2.6563,kalshi,2026-10-10T21:45:23+00:00,
2026-10-05T17:27:28+00:00,2026,6,401858260,Wake Forest @ NC State,NC State,Wake Forest,2026-10-10T16:00:00.000Z,winner,PASS,Wake Forest to WIN the game,BUY NO,NO,NC State,Wake Forest,,,61,0.61,0.0167,0.571,-5.5,Wake Forest -2.7,62.1,KXNCAAFGAME-26OCT10WAKENCST-NCST,NC St. wins,14.0,38.0,False,W,0.5957,kalshi,2026-10-10T21:45:23+00:00,
2026-10-05T17:27:28+00:00,2026,6,401858260,Wake Forest @ NC State,NC State,Wake Forest,2026-10-10T16:00:00.000Z,spread,PASS,"Wake Forest wins by 5 or fewer, or loses",BUY NO,NO,Wake Forest,NC State,5.5,,57,0.57,0.0172,0.569,-1.9,Wake Forest -2.7,62.1,KXNCAAFSPREAD-26OCT10WAKENCST-WAKE6,Wake Forest wins by over 5.5 points,14.0,38.0,True,L,-1.0,kalshi,2026-10-10T21:45:23+00:00,
2026-10-05T17:27:28+00:00,2026,6,401858260,Wake Forest @ NC State,NC State,Wake Forest,2026-10-10T16:00:00.000Z,total,BET,OVER 61.5 total points,BUY YES,YES,,,61.5,False,45,0.45,0.0173,0.52,5.3,Wake Forest -2.7,62.1,KXNCAAFTOTAL-26OCT10WAKENCST-62,Full Game: Over 61.5 points scored,14.0,38.0,False,L,-1.0,kalshi,2026-10-10T21:45:23+00:00,
2026-10-05T17:27:28+00:00,2026,6,401858256,North Carolina @ Pittsburgh,Pittsburgh,North Carolina,2026-10-10T16:00:00.000Z,winner,BET,Pittsburgh to WIN the game,BUY YES,YES,Pittsburgh,North Carolina,,,62,0.62,0.0165,0.801,16.5,Pittsburgh -13.0,43.1,KXNCAAFGAME-26OCT10UNCPITT-PITT,Pittsburgh wins,17.0,21.0,False,L,-1.0,kalshi,2026-10-10T21:45:23+00:00,
2026-10-05T17:27:28+00:00,2026,6,401858256,North Carolina @ Pittsburgh,Pittsburgh,North Carolina,2026-10-10T16:00:00.000Z,spread,BET,Pittsburgh wins by MORE than 10.5,BUY YES,YES,Pittsburgh,North Carolina,10.5,,31,0.31,0.015,0.557,23.3,Pittsburgh -13.0,43.1,KXNCAAFSPREAD-26OCT10UNCPITT-PITT11,Pittsburgh wins by over 10.5 points,17.0,21.0,False,L,-1.0,kalshi,2026-10-10T21:45:23+00:00,
2026-10-05T17:27:28+00:00,2026,6,401858256,North Carolina @ Pittsburgh,Pittsburgh,North Carolina,2026-10-10T16:00:00.000Z,total,BET,UNDER 43.5 total points,BUY NO,NO,,,43.5,False,41,0.41,0.0169,0.508,8.1,Pittsburgh -13.0,43.1,KXNCAAFTOTAL-26OCT10UNCPITT-44,Full Game: Over 43.5 points scored,17.0,21.0,False,W,1.3425,kalshi,2026-10-10T21:45:23+00:00,
2026-10-05T17:27:28+00:00,2026,6,401856824,UCF @ Oklahoma State,Oklahoma State,UCF,2026-10-10T16:00:00.000Z,winner,BET,UCF to WIN the game,BUY YES,YES,UCF,Oklahoma State,,,23,0.23,0.0124,0.546,30.4,UCF -1.8,44.5,KXNCAAFGAME-26OCT10UCFOKST-UCF,UCF wins,42.0,28.0,False,L,-1.0,kalshi,2026-10-10T21:45:23+00:00,
2026-10-05T17:27:28+00:00,2026,6,401856824,UCF @ Oklahoma State,Oklahoma State,UCF,2026-10-10T16:00:00.000Z,spread,BET,"Oklahoma State wins by 2 or fewer, or loses",BUY NO,NO,Oklahoma State,UCF,2.5,,28,0.28,0.0141,0.604,31.0,UCF -1.8,44.5,KXNCAAFSPREAD-26OCT10UCFOKST-OKST3,Oklahoma St. wins by over 2.5 points,42.0,28.0,True,L,-1.0,kalshi,2026-10-10T21:45:23+00:00,
2026-10-05T17:27:28+00:00,2026,6,401856824,UCF @ Oklahoma State,Oklahoma State,UCF,2026-10-10T16:00:00.000Z,total,BET,UNDER 46.5 total points,BUY NO,NO,,,46.5,False,33,0.33,0.0155,0.551,20.6,UCF -1.8,44.5,KXNCAAFTOTAL-26OCT10UCFOKST-47,Full Game: Over 46.5 points scored,42.0,28.0,True,L,-1.0,kalshi,2026-10-10T21:45:23+00:00,
2026-10-05T17:27:28+00:00,2026,6,401856716,Texas A&M @ Missouri,Missouri,Texas A&M,2026-10-10T16:00:00.000Z,winner,PASS,Missouri to WIN the game,BUY NO,NO,Texas A&M,Missouri,,,62,0.62,0.0165,0.584,-5.3,Missouri -3.4,51.5,KXNCAAFGAME-26OCT10TXAMMIZZ-TXAM,Texas A&M wins,27.0,6.0,False,W,0.5711,kalshi,2026-10-10T21:45:23+00:00,
2026-10-05T17:27:28+00:00,2026,6,401856716,Texas A&M @ Missouri,Missouri,Texas A&M,2026-10-10T16:00:00.000Z,spread,LEAN,"Missouri wins by 6 or fewer, or loses",BUY NO,NO,Missouri,Texas A&M,6.5,,56,0.56,0.0172,0.579,0.2,Missouri -3.4,51.5,KXNCAAFSPREAD-26OCT10TXAMMIZZ-MIZZ7,Missouri wins by over 6.5 points,27.0,6.0,True,L,-1.0,kalshi,2026-10-10T21:45:23+00:00,
2026-10-05T17:27:28+00:00,2026,6,401856716,Texas A&M @ Missouri,Missouri,Texas A&M,2026-10-10T16:00:00.000Z,total,BET,OVER 50.5 total points,BUY YES,YES,,,50.5,False,45,0.45,0.0173,0.531,6.4,Missouri -3.4,51.5,KXNCAAFTOTAL-26OCT10TXAMMIZZ-51,Full Game: Over 50.5 points scored,27.0,6.0,False,L,-1.0,kalshi,2026-10-10T21:45:23+00:00,
2026-10-05T17:27:28+00:00,2026,6,401858481,Indiana @ Nebraska,Nebraska,Indiana,2026-10-10T16:00:00.000Z,winner,PASS,Indiana to WIN the game,BUY NO,NO,Nebraska,Indiana,,,74,0.74,0.0135,0.699,-5.5,Indiana -7.8,54.4,KXNCAAFGAME-26OCT10INDNEB-NEB,Nebraska wins,17.0,20.0,False,W,0.3271,kalshi,2026-10-10T21:45:23+00:00,
2026-10-05T17:27:28+00:00,2026,6,401858481,Indiana @ Nebraska,Nebraska,Indiana,2026-10-10T16:00:00.000Z,spread,LEAN,Indiana wins by MORE than 7.5,BUY YES,YES,Indiana,Nebraska,7.5,,49,0.49,0.0175,0.509,0.1,Indiana -7.8,54.4,KXNCAAFSPREAD-26OCT10INDNEB-IND8,Indiana wins by over 7.5 points,17.0,20.0,False,L,-1.0,kalshi,2026-10-10T21:45:23+00:00,
2026-10-05T17:27:28+00:00,2026,6,401858481,Indiana @ Nebraska,Nebraska,Indiana,2026-10-10T16:00:00.000Z,total,LEAN,OVER 51.5 total points,BUY YES,YES,,,51.5,False,52,0.52,0.0175,0.572,3.4,Indiana -7.8,54.4,KXNCAAFTOTAL-26OCT10INDNEB-52,Full Game: Over 51.5 points scored,17.0,20.0,False,L,-1.0,kalshi,2026-10-10T21:45:23+00:00,
2026-10-05T17:27:28+00:00,2026,6,401856823,Arizona @ West Virginia,West Virginia,Arizona,2026-10-10T16:00:00.000Z,winner,BET,Arizona to WIN the game,BUY NO,NO,West Virginia,Arizona,,,61,0.61,0.0167,0.685,5.8,Arizona -7.4,63.1,KXNCAAFGAME-26OCT10ARIZWVU-WVU,West Virginia wins,31.0,52.0,False,W,0.5957,kalshi,2026-10-10T21:45:23+00:00,
2026-10-05T17:27:28+00:00,2026,6,401856823,Arizona @ West Virginia,West Virginia,Arizona,2026-10-10T16:00:00.000Z,spread,BET,Arizona wins by MORE than 3.5,BUY YES,YES,Arizona,West Virginia,3.5,,48,0.48,0.0175,0.606,10.8,Arizona -7.4,63.1,KXNCAAFSPREAD-26OCT10ARIZWVU-ARIZ4,Arizona wins by over 3.5 points,31.0,52.0,True,W,1.0101,kalshi,2026-10-10T21:45:23+00:00,
2026-10-05T17:27:28+00:00,2026,6,401856823,Arizona @ West Virginia,West Virginia,Arizona,2026-10-10T16:00:00.000Z,total,BET,OVER 60.5 total points,BUY YES,YES,,,60.5,False,49,0.49,0.0175,0.566,5.9,Arizona -7.4,63.1,KXNCAAFTOTAL-26OCT10ARIZWVU-61,Full Game: Over 60.5 points scored,31.0,52.0,True,W,0.9704,kalshi,2026-10-10T21:45:23+00:00,
2026-10-05T17:27:28+00:00,2026,6,401858482,Ball State @ Northwestern,Northwestern,Ball State,2026-10-10T16:30:00.000Z,winner,PASS,Northwestern to WIN the game,BUY NO,NO,Ball State,Northwestern,,,99,0.99,0.0007,0.971,-2.0,Northwestern -28.7,47.3,KXNCAAFGAME-26OCT10BALLNW-BALL,Ball St. wins,45.0,14.0,False,W,0.0094,kalshi,2026-10-10T21:45:23+00:00,
2026-10-05T17:27:28+00:00,2026,6,401858482,Ball State @ Northwestern,Northwestern,Ball State,2026-10-10T16:30:00.000Z,spread,BET,"Northwestern wins by 30 or fewer, or loses",BUY NO,NO,Northwestern,Ball State,30.5,,35,0.35,0.0159,0.576,21.0,Northwestern -28.7,47.3,KXNCAAFSPREAD-26OCT10BALLNW-NW31,Northwestern wins by over 30.5 points,45.0,14.0,True,L,-1.0,kalshi,2026-10-10T21:45:23+00:00,
2026-10-05T17:27:28+00:00,2026,6,401858482,Ball State @ Northwestern,Northwestern,Ball State,2026-10-10T16:30:00.000Z,total,BET,UNDER 51.5 total points,BUY NO,NO,,,51.5,False,46,0.46,0.0174,0.589,11.2,Northwestern -28.7,47.3,KXNCAAFTOTAL-26OCT10BALLNW-52,Full Game: Over 51.5 points scored,45.0,14.0,True,L,-1.0,kalshi,2026-10-10T21:45:23+00:00,
2026-10-05T17:27:28+00:00,2026,6,401856714,South Carolina @ Florida,Florida,South Carolina,2026-10-10T16:45:00.000Z,winner,PASS,Florida to WIN the game,BUY NO,NO,South Carolina,Florida,,,84,0.84,0.0094,0.72,-12.9,Florida -8.9,66.6,KXNCAAFGAME-26OCT10SCARFLA-SCAR,South Carolina wins,19.0,38.0,True,L,-1.0,kalshi,2026-10-10T21:45:23+00:00,
2026-10-05T17:27:28+00:00,2026,6,401856714,South Carolina @ Florida,Florida,South Carolina,2026-10-10T16:45:00.000Z,spread,BET,"Florida wins by 13 or fewer, or loses",BUY NO,NO,Florida,South Carolina,13.5,,49,0.49,0.0175,0.612,10.5,Florida -8.9,66.6,KXNCAAFSPREAD-26OCT10SCARFLA-FLA14,Florida wins by over 13.5 points,19.0,38.0,False,W,0.9704,kalshi,2026-10-10T21:45:23+00:00,
2026-10-05T17:27:28+00:00,2026,6,401856714,South Carolina @ Florida,Florida,South Carolina,2026-10-10T16:45:00.000Z,total,BET,OVER 62.5 total points,BUY YES,YES,,,62.5,False,49,0.49,0.0175,0.598,9.1,Florida -8.9,66.6,KXNCAAFTOTAL-26OCT10SCARFLA-63,Full Game: Over 62.5 points scored,19.0,38.0,False,L,-1.0,kalshi,2026-10-10T21:45:23+00:00,
2026-10-05T17:27:28+00:00,2026,6,401869843,Old Dominion @ App State,App State,Old Dominion,2026-10-10T17:00:00.000Z,winner,PASS,App State to WIN the game,BUY NO,NO,Old Dominion,App State,,,78,0.78,0.012,0.643,-14.9,App State -5.7,51.1,KXNCAAFGAME-26OCT10ODUAPP-ODU,Old Dominion wins,3.0,10.0,True,L,-1.0,kalshi,2026-10-10T21:45:23+00:00,
2026-10-05T17:27:28+00:00,2026,6,401869843,Old Dominion @ App State,App State,Old Dominion,2026-10-10T17:00:00.000Z,spread,BET,"App State wins by 6 or fewer, or loses",BUY NO,NO,App State,Old Dominion,6.5,,40,0.4,0.0168,0.522,10.5,App State -5.7,51.1,KXNCAAFSPREAD-26OCT10ODUAPP-APP7,Appalachian St. wins by over 6.5 points,3.0,10.0,False,W,1.3992,kalshi,2026-10-10T21:45:23+00:00,
2026-10-05T17:27:28+00:00,2026,6,401869843,Old Dominion @ App State,App State,Old Dominion,2026-10-10T17:00:00.000Z,total,PASS,OVER 50.5 total points,BUY YES,YES,,,50.5,False,53,0.53,0.0174,0.517,-3.1,App State -5.7,51.1,KXNCAAFTOTAL-26OCT10ODUAPP-51,Full Game: Over 50.5 points scored,3.0,10.0,False,L,-1.0,kalshi,2026-10-10T21:45:23+00:00,
2026-10-05T17:27:28+00:00,2026,6,401866440,Miami (OH) @ Massachusetts,Massachusetts,Miami (OH),2026-10-10T18:00:00.000Z,winner,PASS,Miami (OH) to WIN the game,BUY NO,NO,Massachusetts,Miami (OH),,,56,0.56,0.0172,0.513,-6.4,Miami (OH) -0.6,45.3,KXNCAAFGAME-26OCT10MOHMASS-MASS,UMass wins,19.0,20.0,False,W,0.7325,kalshi,2026-10-10T21:45:23+00:00,
2026-10-05T17:27:28+00:00,2026,6,401866440,Miami (OH) @ Massachusetts,Massachusetts,Miami (OH),2026-10-10T18:00:00.000Z,spread,LEAN,"Miami (OH) wins by 2 or fewer, or loses",BUY NO,NO,Miami (OH),Massachusetts,2.5,,48,0.48,0.0175,0.541,4.4,Miami (OH) -0.6,45.3,KXNCAAFSPREAD-26OCT10MOHMASS-MOH3,Miami (OH) wins by over 2.5 points,19.0,20.0,False,W,1.0101,kalshi,2026-10-10T21:45:23+00:00,
2026-10-05T17:27:28+00:00,2026,6,401866440,Miami (OH) @ Massachusetts,Massachusetts,Miami (OH),2026-10-10T18:00:00.000Z,total,LEAN,UNDER 47.5 total points,BUY NO,NO,,,47.5,False,51,0.51,0.0175,0.553,2.6,Miami (OH) -0.6,45.3,KXNCAAFTOTAL-26OCT10MOHMASS-48,Full Game: Over 47.5 points scored,19.0,20.0,False,W,0.8957,kalshi,2026-10-10T21:45:23+00:00,
2026-10-05T17:27:28+00:00,2026,6,401856718,Ole Miss @ Vanderbilt,Vanderbilt,Ole Miss,2026-10-10T19:30:00.000Z,winner,PASS,Ole Miss to WIN the game,BUY YES,YES,Ole Miss,Vanderbilt,,,77,0.77,0.0124,0.562,-22.0,Ole Miss -2.6,62.1,KXNCAAFGAME-26OCT10MISSVAN-MISS,Ole Miss wins,,,,,,,,
2026-10-05T17:27:28+00:00,2026,6,401856718,Ole Miss @ Vanderbilt,Vanderbilt,Ole Miss,2026-10-10T19:30:00.000Z,spread,BET,"Ole Miss wins by 5 or fewer, or loses",BUY NO,NO,Ole Miss,Vanderbilt,5.5,,39,0.39,0.0167,0.575,16.9,Ole Miss -2.6,62.1,KXNCAAFSPREAD-26OCT10MISSVAN-MISS6,Ole Miss wins by over 5.5 points,,,,,,,,
2026-10-05T17:27:28+00:00,2026,6,401856718,Ole Miss @ Vanderbilt,Vanderbilt,Ole Miss,2026-10-10T19:30:00.000Z,total,BET,OVER 59.5 total points,BUY YES,YES,,,59.5,False,49,0.49,0.0175,0.565,5.7,Ole Miss -2.6,62.1,KXNCAAFTOTAL-26OCT10MISSVAN-60,Full Game: Over 59.5 points scored,,,,,,,,
2026-10-05T17:27:28+00:00,2026,6,401862799,Tulsa @ Navy,Navy,Tulsa,2026-10-10T19:30:00.000Z,winner,BET,Navy to WIN the game,BUY YES,YES,Navy,Tulsa,,,56,0.56,0.0172,0.661,8.4,Navy -6.3,41.7,KXNCAAFGAME-26OCT10TLSANAVY-NAVY,Navy wins,,,,,,,,
2026-10-05T17:27:28+00:00,2026,6,401862799,Tulsa @ Navy,Navy,Tulsa,2026-10-10T19:30:00.000Z,spread,BET,Navy wins by MORE than 3.5,BUY YES,YES,Navy,Tulsa,3.5,,45,0.45,0.0173,0.578,11.0,Navy -6.3,41.7,KXNCAAFSPREAD-26OCT10TLSANAVY-NAVY4,Navy wins by over 3.5 points,,,,,,,,
2026-10-05T17:27:28+00:00,2026,6,401862799,Tulsa @ Navy,Navy,Tulsa,2026-10-10T19:30:00.000Z,total,BET,UNDER 45.5 total points,BUY NO,NO,,,45.5,False,42,0.42,0.0171,0.59,15.3,Navy -6.3,41.7,KXNCAAFTOTAL-26OCT10TLSANAVY-46,Full Game: Over 45.5 points scored,,,,,,,,
2026-10-05T17:27:28+00:00,2026,6,401856825,Houston @ Kansas State,Kansas State,Houston,2026-10-10T19:30:00.000Z,winner,LEAN,Houston to WIN the game,BUY YES,YES,Houston,Kansas State,,,45,0.45,0.0173,0.509,4.1,Houston -0.2,64.6,KXNCAAFGAME-26OCT10HOUKSU-HOU,Houston wins,,,,,,,,
2026-10-05T17:27:28+00:00,2026,6,401856825,Houston @ Kansas State,Kansas State,Houston,2026-10-10T19:30:00.000Z,spread,LEAN,"Kansas State wins by 2 or fewer, or loses",BUY NO,NO,Kansas State,Houston,2.5,,50,0.5,0.0175,0.563,4.5,Houston -0.2,64.6,KXNCAAFSPREAD-26OCT10HOUKSU-KSU3,Kansas St. wins by over 2.5 points,,,,,,,,
2026-10-05T17:27:28+00:00,2026,6,401856825,Houston @ Kansas State,Kansas State,Houston,2026-10-10T19:30:00.000Z,total,BET,OVER 58.5 total points,BUY YES,YES,,,58.5,False,46,0.46,0.0174,0.646,16.8,Houston -0.2,64.6,KXNCAAFTOTAL-26OCT10HOUKSU-59,Full Game: Over 58.5 points scored,,,,,,,,
2026-10-05T17:27:28+00:00,2026,6,401858257,Stanford @ Notre Dame,Notre Dame,Stanford,2026-10-10T19:30:00.000Z,winner,PASS,Stanford to WIN the game,BUY YES,YES,Stanford,Notre Dame,,,1,0.01,0.0007,0.008,-0.2,Notre Dame -36.8,58.5,KXNCAAFGAME-26OCT10STANND-STAN,Stanford wins,,,,,,,,
2026-10-05T17:27:28+00:00,2026,6,401858257,Stanford @ Notre Dame,Notre Dame,Stanford,2026-10-10T19:30:00.000Z,spread,LEAN,"Notre Dame wins by 38 or fewer, or loses",BUY NO,NO,Notre Dame,Stanford,38.5,,53,0.53,0.0174,0.565,1.7,Notre Dame -36.8,58.5,KXNCAAFSPREAD-26OCT10STANND-ND39,Notre Dame wins by over 38.5 points,,,,,,,,
2026-10-05T17:27:28+00:00,2026,6,401858257,Stanford @ Notre Dame,Notre Dame,Stanford,2026-10-10T19:30:00.000Z,total,BET,OVER 56.5 total points,BUY YES,YES,,,56.5,False,44,0.44,0.0172,0.57,11.2,Notre Dame -36.8,58.5,KXNCAAFTOTAL-26OCT10STANND-57,Full Game: Over 56.5 points scored,,,,,,,,
2026-10-05T17:27:28+00:00,2026,6,401858480,Illinois @ Michigan State,Michigan State,Illinois,2026-10-10T19:30:00.000Z,winner,BET,Michigan State to WIN the game,BUY YES,YES,Michigan State,Illinois,,,44,0.44,0.0172,0.512,5.5,Michigan State -0.4,43.2,KXNCAAFGAME-26OCT10ILLMSU-MSU,Michigan St. wins,,,,,,,,
2026-10-05T17:27:28+00:00,2026,6,401858480,Illinois @ Michigan State,Michigan State,Illinois,2026-10-10T19:30:00.000Z,spread,LEAN,"Illinois wins by 2 or fewer, or loses",BUY NO,NO,Illinois,Michigan State,2.5,,50,0.5,0.0175,0.566,4.9,Michigan State -0.4,43.2,KXNCAAFSPREAD-26OCT10ILLMSU-ILL3,Illinois wins by over 2.5 points,,,,,,,,
2026-10-05T17:27:28+00:00,2026,6,401858480,Illinois @ Michigan State,Michigan State,Illinois,2026-10-10T19:30:00.000Z,total,BET,UNDER 46.5 total points,BUY NO,NO,,,46.5,False,42,0.42,0.0171,0.575,13.8,Michigan State -0.4,43.2,KXNCAAFTOTAL-26OCT10ILLMSU-47,Full Game: Over 46.5 points scored,,,,,,,,
2026-10-05T17:27:28+00:00,2026,6,401866438,Central Michigan @ Ohio,Ohio,Central Michigan,2026-10-10T19:30:00.000Z,winner,BET,Ohio to WIN the game,BUY YES,YES,Ohio,Central Michigan,,,58,0.58,0.0171,0.648,5.1,Ohio -5.6,43.6,KXNCAAFGAME-26OCT10CMUOHIO-OHIO,Ohio wins,,,,,,,,
2026-10-05T17:27:28+00:00,2026,6,401866438,Central Michigan @ Ohio,Ohio,Central Michigan,2026-10-10T19:30:00.000Z,spread,BET,Ohio wins by MORE than 3.5,BUY YES,YES,Ohio,Central Michigan,3.5,,45,0.45,0.0173,0.564,9.6,Ohio -5.6,43.6,KXNCAAFSPREAD-26OCT10CMUOHIO-OHIO4,Ohio wins by over 3.5 points,,,,,,,,
2026-10-05T17:27:28+00:00,2026,6,401866438,Central Michigan @ Ohio,Ohio,Central Michigan,2026-10-10T19:30:00.000Z,total,BET,UNDER 46.5 total points,BUY NO,NO,,,46.5,False,48,0.48,0.0175,0.563,6.6,Ohio -5.6,43.6,KXNCAAFTOTAL-26OCT10CMUOHIO-47,Full Game: Over 46.5 points scored,,,,,,,,
2026-10-05T17:27:28+00:00,2026,6,401858259,Virginia Tech @ California,California,Virginia Tech,2026-10-10T19:30:00.000Z,winner,PASS,Virginia Tech to WIN the game,BUY YES,YES,Virginia Tech,California,,,77,0.77,0.0124,0.639,-14.3,Virginia Tech -5.7,62.7,KXNCAAFGAME-26OCT10VTCAL-VT,Virginia Tech wins,,,,,,,,
2026-10-05T17:27:28+00:00,2026,6,401858259,Virginia Tech @ California,California,Virginia Tech,2026-10-10T19:30:00.000Z,spread,BET,"Virginia Tech wins by 6 or fewer, or loses",BUY NO,NO,Virginia Tech,California,6.5,,42,0.42,0.0171,0.522,8.5,Virginia Tech -5.7,62.7,KXNCAAFSPREAD-26OCT10VTCAL-VT7,Virginia Tech wins by over 6.5 points,,,,,,,,
2026-10-05T17:27:28+00:00,2026,6,401858259,Virginia Tech @ California,California,Virginia Tech,2026-10-10T19:30:00.000Z,total,BET,OVER 59.5 total points,BUY YES,YES,,,59.5,False,36,0.36,0.0161,0.582,20.6,Virginia Tech -5.7,62.7,KXNCAAFTOTAL-26OCT10VTCAL-60,Full Game: Over 59.5 points scored,,,,,,,,
2026-10-05T17:27:28+00:00,2026,6,401866439,Kent State @ Western Michigan,Western Michigan,Kent State,2026-10-10T19:30:00.000Z,winner,PASS,Western Michigan to WIN the game,BUY YES,YES,Western Michigan,Kent State,,,84,0.84,0.0094,0.817,-3.2,Western Michigan -13.8,37.3,KXNCAAFGAME-26OCT10KENTWMU-WMU,Western Michigan wins,,,,,,,,
2026-10-05T17:27:28+00:00,2026,6,401866439,Kent State @ Western Michigan,Western Michigan,Kent State,2026-10-10T19:30:00.000Z,spread,LEAN,"Western Michigan wins by 13 or fewer, or loses",BUY NO,NO,Western Michigan,Kent State,13.5,,49,0.49,0.0175,0.513,0.5,Western Michigan -13.8,37.3,KXNCAAFSPREAD-26OCT10KENTWMU-WMU14,Western Michigan wins by over 13.5 points,,,,,,,,
2026-10-05T17:27:28+00:00,2026,6,401866439,Kent State @ Western Michigan,Western Michigan,Kent State,2026-10-10T19:30:00.000Z,total,BET,UNDER 41.5 total points,BUY NO,NO,,,41.5,False,43,0.43,0.0172,0.593,14.6,Western Michigan -13.8,37.3,KXNCAAFTOTAL-26OCT10KENTWMU-42,Full Game: Over 41.5 points scored,,,,,,,,
2026-10-05T17:27:28+00:00,2026,6,401858255,Duke @ Georgia Tech,Georgia Tech,Duke,2026-10-10T19:30:00.000Z,winner,LEAN,Duke to WIN the game,BUY NO,NO,Georgia Tech,Duke,,,71,0.71,0.0144,0.726,0.2,Duke -9.2,54.2,KXNCAAFGAME-26OCT10DUKEGT-GT,Georgia Tech wins,,,,,,,,
2026-10-05T17:27:28+00:00,2026,6,401858255,Duke @ Georgia Tech,Georgia Tech,Duke,2026-10-10T19:30:00.000Z,spread,BET,Duke wins by MORE than 7.5,BUY YES,YES,Duke,Georgia Tech,7.5,,45,0.45,0.0173,0.543,7.6,Duke -9.2,54.2,KXNCAAFSPREAD-26OCT10DUKEGT-DUKE8,Duke wins by over 7.5 points,,,,,,,,
2026-10-05T17:27:28+00:00,2026,6,401858255,Duke @ Georgia Tech,Georgia Tech,Duke,2026-10-10T19:30:00.000Z,total,BET,OVER 51.5 total points,BUY YES,YES,,,51.5,False,44,0.44,0.0172,0.566,10.9,Duke -9.2,54.2,KXNCAAFTOTAL-26OCT10DUKEGT-52,Full Game: Over 51.5 points scored,,,,,,,,
2026-10-05T17:27:28+00:00,2026,6,401866435,Eastern Michigan @ Akron,Akron,Eastern Michigan,2026-10-10T19:30:00.000Z,winner,PASS,Eastern Michigan to WIN the game,BUY YES,YES,Eastern Michigan,Akron,,,72,0.72,0.0141,0.629,-10.5,Eastern Michigan -4.7,52.5,KXNCAAFGAME-26OCT10EMUAKR-EMU,Eastern Michigan wins,,,,,,,,
2026-10-05T17:27:28+00:00,2026,6,401866435,Eastern Michigan @ Akron,Akron,Eastern Michigan,2026-10-10T19:30:00.000Z,spread,BET,"Eastern Michigan wins by 5 or fewer, or loses",BUY NO,NO,Eastern Michigan,Akron,5.5,,44,0.44,0.0172,0.513,5.6,Eastern Michigan -4.7,52.5,KXNCAAFSPREAD-26OCT10EMUAKR-EMU6,Eastern Michigan wins by over 5.5 points,,,,,,,,
2026-10-05T17:27:28+00:00,2026,6,401866435,Eastern Michigan @ Akron,Akron,Eastern Michigan,2026-10-10T19:30:00.000Z,total,LEAN,OVER 52.5 total points,BUY YES,YES,,,52.5,False,46,0.46,0.0174,0.503,2.6,Eastern Michigan -4.7,52.5,KXNCAAFTOTAL-26OCT10EMUAKR-53,Full Game: Over 52.5 points scored,,,,,,,,
2026-10-05T17:27:28+00:00,2026,6,401858484,UCLA @ Oregon,Oregon,UCLA,2026-10-10T19:30:00.000Z,winner,PASS,Oregon to WIN the game,BUY NO,NO,UCLA,Oregon,,,80,0.8,0.0112,0.664,-14.7,Oregon -6.5,72.8,KXNCAAFGAME-26OCT10UCLAORE-UCLA,UCLA wins,,,,,,,,
2026-10-05T17:27:28+00:00,2026,6,401858484,UCLA @ Oregon,Oregon,UCLA,2026-10-10T19:30:00.000Z,spread,BET,"Oregon wins by 12 or fewer, or loses",BUY NO,NO,Oregon,UCLA,12.5,,52,0.52,0.0175,0.65,11.2,Oregon -6.5,72.8,KXNCAAFSPREAD-26OCT10UCLAORE-ORE13,Oregon wins by over 12.5 points,,,,,,,,
2026-10-05T17:27:28+00:00,2026,6,401858484,UCLA @ Oregon,Oregon,UCLA,2026-10-10T19:30:00.000Z,total,BET,OVER 61.5 total points,BUY YES,YES,,,61.5,False,44,0.44,0.0172,0.752,29.5,Oregon -6.5,72.8,KXNCAAFTOTAL-26OCT10UCLAORE-62,Full Game: Over 61.5 points scored,,,,,,,,
2026-10-05T17:27:28+00:00,2026,6,401862796,Charlotte @ North Texas,North Texas,Charlotte,2026-10-10T19:30:00.000Z,winner,LEAN,North Texas to WIN the game,BUY YES,YES,North Texas,Charlotte,,,96,0.96,0.0027,0.983,2.1,North Texas -33.0,73.9,KXNCAAFGAME-26OCT10CHARUNT-UNT,North Texas wins,,,,,,,,
2026-10-05T17:27:28+00:00,2026,6,401862796,Charlotte @ North Texas,North Texas,Charlotte,2026-10-10T19:30:00.000Z,spread,BET,North Texas wins by MORE than 30.5,BUY YES,YES,North Texas,Charlotte,30.5,,45,0.45,0.0173,0.566,9.9,North Texas -33.0,73.9,KXNCAAFSPREAD-26OCT10CHARUNT-UNT31,North Texas wins by over 30.5 points,,,,,,,,
2026-10-05T17:27:28+00:00,2026,6,401862796,Charlotte @ North Texas,North Texas,Charlotte,2026-10-10T19:30:00.000Z,total,BET,OVER 66.5 total points,BUY YES,YES,,,66.5,False,33,0.33,0.0155,0.674,32.9,North Texas -33.0,73.9,KXNCAAFTOTAL-26OCT10CHARUNT-67,Full Game: Over 66.5 points scored,,,,,,,,
2026-10-05T17:27:28+00:00,2026,6,401866437,Buffalo @ Toledo,Toledo,Buffalo,2026-10-10T19:30:00.000Z,winner,LEAN,Toledo to WIN the game,BUY YES,YES,Toledo,Buffalo,,,92,0.92,0.0052,0.948,2.3,Toledo -25.2,65.2,KXNCAAFGAME-26OCT10BUFFTOL-TOL,Toledo wins,,,,,,,,
2026-10-05T17:27:28+00:00,2026,6,401866437,Buffalo @ Toledo,Toledo,Buffalo,2026-10-10T19:30:00.000Z,spread,BET,Toledo wins by MORE than 21.5,BUY YES,YES,Toledo,Buffalo,21.5,,45,0.45,0.0173,0.59,12.3,Toledo -25.2,65.2,KXNCAAFSPREAD-26OCT10BUFFTOL-TOL22,Toledo wins by over 21.5 points,,,,,,,,
2026-10-05T17:27:28+00:00,2026,6,401866437,Buffalo @ Toledo,Toledo,Buffalo,2026-10-10T19:30:00.000Z,total,BET,OVER 59.5 total points,BUY YES,YES,,,59.5,False,39,0.39,0.0167,0.641,23.5,Toledo -25.2,65.2,KXNCAAFTOTAL-26OCT10BUFFTOL-60,Full Game: Over 59.5 points scored,,,,,,,,
2026-10-05T17:27:28+00:00,2026,6,401856717,Texas @ Oklahoma,Oklahoma,Texas,2026-10-10T19:30:00.000Z,winner,LEAN,Texas to WIN the game,BUY NO,NO,Oklahoma,Texas,,,75,0.75,0.0131,0.771,0.8,Texas -11.5,28.6,KXNCAAFGAME-26OCT10TEXOKLA-OKLA,Oklahoma wins,,,,,,,,
2026-10-05T17:27:28+00:00,2026,6,401856717,Texas @ Oklahoma,Oklahoma,Texas,2026-10-10T19:30:00.000Z,spread,LEAN,Texas wins by MORE than 7.5,BUY YES,YES,Texas,Oklahoma,7.5,,53,0.53,0.0174,0.577,3.0,Texas -11.5,28.6,KXNCAAFSPREAD-26OCT10TEXOKLA-TEX8,Texas wins by over 7.5 points,,,,,,,,
2026-10-05T17:27:28+00:00,2026,6,401856717,Texas @ Oklahoma,Oklahoma,Texas,2026-10-10T19:30:00.000Z,total,BET,UNDER 30.5 total points,BUY NO,NO,,,30.5,False,26,0.26,0.0135,0.527,25.3,Texas -11.5,28.6,KXNCAAFTOTAL-26OCT10TEXOKLA-31,Full Game: Over 30.5 points scored,,,,,,,,
2026-10-05T17:27:28+00:00,2026,6,401861964,UConn @ Temple,Temple,UConn,2026-10-10T19:45:00.000Z,winner,PASS,Temple to WIN the game,BUY YES,YES,Temple,UConn,,,65,0.65,0.0159,0.595,-7.1,Temple -3.5,58.4,KXNCAAFGAME-26OCT10CONNTEM-TEM,Temple wins,,,,,,,,
2026-10-05T17:27:28+00:00,2026,6,401861964,UConn @ Temple,Temple,UConn,2026-10-10T19:45:00.000Z,spread,PASS,"Temple wins by 6 or fewer, or loses",BUY NO,NO,Temple,UConn,6.5,,57,0.57,0.0172,0.57,-1.8,Temple -3.5,58.4,KXNCAAFSPREAD-26OCT10CONNTEM-TEM7,Temple wins by over 6.5 points,,,,,,,,
2026-10-05T17:27:28+00:00,2026,6,401861964,UConn @ Temple,Temple,UConn,2026-10-10T19:45:00.000Z,total,BET,OVER 55.5 total points,BUY YES,YES,,,55.5,False,48,0.48,0.0175,0.575,7.7,Temple -3.5,58.4,KXNCAAFTOTAL-26OCT10CONNTEM-56,Full Game: Over 55.5 points scored,,,,,,,,
2026-10-05T17:27:28+00:00,2026,6,401862797,Rice @ East Carolina,East Carolina,Rice,2026-10-10T20:00:00.000Z,winner,PASS,East Carolina to WIN the game,BUY NO,NO,Rice,East Carolina,,,78,0.78,0.012,0.748,-4.4,East Carolina -10.0,41.0,KXNCAAFGAME-26OCT10RICEECU-RICE,Rice wins,28.0,12.0,False,W,0.2626,kalshi,2026-10-10T21:45:23+00:00,
2026-10-05T17:27:28+00:00,2026,6,401862797,Rice @ East Carolina,East Carolina,Rice,2026-10-10T20:00:00.000Z,spread,PASS,East Carolina wins by MORE than 7.5,BUY YES,YES,East Carolina,Rice,7.5,,55,0.55,0.0173,0.567,-0.1,East Carolina -10.0,41.0,KXNCAAFSPREAD-26OCT10RICEECU-ECU8,East Carolina wins by over 7.5 points,28.0,12.0,True,W,0.7627,kalshi,2026-10-10T21:45:23+00:00,
2026-10-05T17:27:28+00:00,2026,6,401862797,Rice @ East Carolina,East Carolina,Rice,2026-10-10T20:00:00.000Z,total,BET,UNDER 42.5 total points,BUY NO,NO,,,42.5,False,33,0.33,0.0155,0.532,18.6,East Carolina -10.0,41.0,KXNCAAFTOTAL-26OCT10RICEECU-43,Full Game: Over 42.5 points scored,28.0,12.0,False,W,1.8944,kalshi,2026-10-10T21:45:23+00:00,
2026-10-05T17:27:28+00:00,2026,6,401858483,Maryland @ Ohio State,Ohio State,Maryland,2026-10-10T20:15:00.000Z,winner,LEAN,Maryland to WIN the game,BUY NO,NO,Ohio State,Maryland,,,1,0.01,0.0007,0.023,1.2,Ohio State -30.5,55.0,KXNCAAFGAME-26OCT10MDOSU-OSU,Ohio St. wins,,,,,,,,
2026-10-05T17:27:28+00:00,2026,6,401858483,Maryland @ Ohio State,Ohio State,Maryland,2026-10-10T20:15:00.000Z,spread,BET,"Ohio State wins by 30 or fewer, or loses",BUY NO,NO,Ohio State,Maryland,30.5,,40,0.4,0.0168,0.514,9.8,Ohio State -30.5,55.0,KXNCAAFSPREAD-26OCT10MDOSU-OSU31,Ohio St. wins by over 30.5 points,,,,,,,,
2026-10-05T17:27:28+00:00,2026,6,401858483,Maryland @ Ohio State,Ohio State,Maryland,2026-10-10T20:15:00.000Z,total,LEAN,UNDER 56.5 total points,BUY NO,NO,,,56.5,False,51,0.51,0.0175,0.533,0.5,Ohio State -30.5,55.0,KXNCAAFTOTAL-26OCT10MDOSU-57,Full Game: Over 56.5 points scored,,,,,,,,
2026-10-05T17:27:28+00:00,2026,6,401856713,Tennessee @ Arkansas,Arkansas,Tennessee,2026-10-10T20:15:00.000Z,winner,PASS,Tennessee to WIN the game,BUY YES,YES,Tennessee,Arkansas,,,83,0.83,0.0099,0.839,-0.1,Tennessee -15.2,60.1,KXNCAAFGAME-26OCT10TENNARK-TENN,Tennessee wins,,,,,,,,
2026-10-05T17:27:28+00:00,2026,6,401856713,Tennessee @ Arkansas,Arkansas,Tennessee,2026-10-10T20:15:00.000Z,spread,LEAN,Tennessee wins by MORE than 14.5,BUY YES,YES,Tennessee,Arkansas,14.5,,46,0.46,0.0174,0.518,4.1,Tennessee -15.2,60.1,KXNCAAFSPREAD-26OCT10TENNARK-TENN15,Tennessee wins by over 14.5 points,,,,,,,,
2026-10-05T17:27:28+00:00,2026,6,401856713,Tennessee @ Arkansas,Arkansas,Tennessee,2026-10-10T20:15:00.000Z,total,BET,OVER 55.5 total points,BUY YES,YES,,,55.5,False,37,0.37,0.0163,0.609,22.3,Tennessee -15.2,60.1,KXNCAAFTOTAL-26OCT10TENNARK-56,Full Game: Over 55.5 points scored,,,,,,,,
2026-10-05T17:27:28+00:00,2026,6,401860902,San Diego State @ Oregon State,Oregon State,San Diego State,2026-10-10T22:00:00.000Z,winner,PASS,Oregon State to WIN the game,BUY NO,NO,San Diego State,Oregon State,,,85,0.85,0.0089,0.682,-17.7,Oregon State -7.4,46.0,KXNCAAFGAME-26OCT10SDSUORST-SDSU,San Diego St. wins,,,,,,,,
2026-10-05T17:27:28+00:00,2026,6,401860902,San Diego State @ Oregon State,Oregon State,San Diego State,2026-10-10T22:00:00.000Z,spread,BET,"Oregon State wins by 13 or fewer, or loses",BUY NO,NO,Oregon State,San Diego State,13.5,,46,0.46,0.0174,0.652,17.5,Oregon State -7.4,46.0,KXNCAAFSPREAD-26OCT10SDSUORST-ORST14,Oregon St. wins by over 13.5 points,,,,,,,,
2026-10-05T17:27:28+00:00,2026,6,401860902,San Diego State @ Oregon State,Oregon State,San Diego State,2026-10-10T22:00:00.000Z,total,BET,UNDER 47.5 total points,BUY NO,NO,,,47.5,False,30,0.3,0.0147,0.541,22.6,Oregon State -7.4,46.0,KXNCAAFTOTAL-26OCT10SDSUORST-48,Full Game: Over 47.5 points scored,,,,,,,,
2026-10-05T17:27:28+00:00,2026,6,401864517,Nevada @ UTEP,UTEP,Nevada,2026-10-10T23:00:00.000Z,winner,PASS,Nevada to WIN the game,BUY NO,NO,UTEP,Nevada,,,77,0.77,0.0124,0.531,-25.2,Nevada -1.5,52.2,KXNCAAFGAME-26OCT10NEVUTEP-UTEP,UTEP wins,,,,,,,,
2026-10-05T17:27:28+00:00,2026,6,401864517,Nevada @ UTEP,UTEP,Nevada,2026-10-10T23:00:00.000Z,spread,BET,"Nevada wins by 2 or fewer, or loses",BUY NO,NO,Nevada,UTEP,2.5,,31,0.31,0.015,0.523,19.8,Nevada -1.5,52.2,KXNCAAFSPREAD-26OCT10NEVUTEP-NEV3,Nevada wins by over 2.5 points,,,,,,,,
2026-10-05T17:27:28+00:00,2026,6,401864517,Nevada @ UTEP,UTEP,Nevada,2026-10-10T23:00:00.000Z,total,BET,OVER 51.5 total points,BUY YES,YES,,,51.5,False,43,0.43,0.0172,0.519,7.2,Nevada -1.5,52.2,KXNCAAFTOTAL-26OCT10NEVUTEP-52,Full Game: Over 51.5 points scored,,,,,,,,
2026-10-05T17:27:28+00:00,2026,6,401869943,Coastal Carolina @ Marshall,Marshall,Coastal Carolina,2026-10-10T23:00:00.000Z,winner,PASS,Marshall to WIN the game,BUY YES,YES,Marshall,Coastal Carolina,,,58,0.58,0.0171,0.556,-4.1,Marshall -2.1,55.5,KXNCAAFGAME-26OCT10CCARMRSH-MRSH,Marshall wins,,,,,,,,
2026-10-05T17:27:28+00:00,2026,6,401869943,Coastal Carolina @ Marshall,Marshall,Coastal Carolina,2026-10-10T23:00:00.000Z,spread,LEAN,"Marshall wins by 2 or fewer, or loses",BUY NO,NO,Marshall,Coastal Carolina,2.5,,48,0.48,0.0175,0.501,0.3,Marshall -2.1,55.5,KXNCAAFSPREAD-26OCT10CCARMRSH-MRSH3,Marshall wins by over 2.5 points,,,,,,,,
2026-10-05T17:27:28+00:00,2026,6,401869943,Coastal Carolina @ Marshall,Marshall,Coastal Carolina,2026-10-10T23:00:00.000Z,total,LEAN,UNDER 56.5 total points,BUY NO,NO,,,56.5,False,47,0.47,0.0174,0.52,3.2,Marshall -2.1,55.5,KXNCAAFTOTAL-26OCT10CCARMRSH-57,Full Game: Over 56.5 points scored,,,,,,,,
2026-10-05T17:27:28+00:00,2026,6,401856715,LSU @ Kentucky,Kentucky,LSU,2026-10-10T23:00:00.000Z,winner,PASS,LSU to WIN the game,BUY NO,NO,Kentucky,LSU,,,76,0.76,0.0128,0.685,-8.8,LSU -7.5,55.9,KXNCAAFGAME-26OCT10LSUUK-UK,Kentucky wins,,,,,,,,
2026-10-05T17:27:28+00:00,2026,6,401856715,LSU @ Kentucky,Kentucky,LSU,2026-10-10T23:00:00.000Z,spread,BET,"LSU wins by 9 or fewer, or loses",BUY NO,NO,LSU,Kentucky,9.5,,47,0.47,0.0174,0.555,6.7,LSU -7.5,55.9,KXNCAAFSPREAD-26OCT10LSUUK-LSU10,LSU wins by over 9.5 points,,,,,,,,
2026-10-05T17:27:28+00:00,2026,6,401856715,LSU @ Kentucky,Kentucky,LSU,2026-10-10T23:00:00.000Z,total,LEAN,OVER 55.5 total points,BUY YES,YES,,,55.5,False,47,0.47,0.0174,0.509,2.1,LSU -7.5,55.9,KXNCAAFTOTAL-26OCT10LSUUK-56,Full Game: Over 55.5 points scored,,,,,,,,
2026-10-05T17:27:28+00:00,2026,6,401862798,UAB @ Memphis,Memphis,UAB,2026-10-10T23:00:00.000Z,winner,PASS,Memphis to WIN the game,BUY NO,NO,UAB,Memphis,,,86,0.86,0.0084,0.867,-0.2,Memphis -17.4,58.0,KXNCAAFGAME-26OCT10UABMEM-UAB,UAB wins,,,,,,,,
2026-10-05T17:27:28+00:00,2026,6,401862798,UAB @ Memphis,Memphis,UAB,2026-10-10T23:00:00.000Z,spread,BET,Memphis wins by MORE than 15.5,BUY YES,YES,Memphis,UAB,15.5,,48,0.48,0.0175,0.548,5.0,Memphis -17.4,58.0,KXNCAAFSPREAD-26OCT10UABMEM-MEM16,Memphis wins by over 15.5 points,,,,,,,,
2026-10-05T17:27:28+00:00,2026,6,401862798,UAB @ Memphis,Memphis,UAB,2026-10-10T23:00:00.000Z,total,PASS,OVER 56.5 total points,BUY YES,YES,,,56.5,False,54,0.54,0.0174,0.535,-2.2,Memphis -17.4,58.0,KXNCAAFTOTAL-26OCT10UABMEM-57,Full Game: Over 56.5 points scored,,,,,,,,
2026-10-05T17:27:28+00:00,2026,6,401864518,North Dakota State @ UNLV,UNLV,North Dakota State,2026-10-10T23:00:00.000Z,winner,LEAN,North Dakota State to WIN the game,BUY NO,NO,UNLV,North Dakota State,,,60,0.6,0.0168,0.629,1.2,North Dakota State -4.9,45.2,KXNCAAFGAME-26OCT10NDSUUNLV-UNLV,UNLV wins,,,,,,,,
2026-10-05T17:27:28+00:00,2026,6,401864518,North Dakota State @ UNLV,UNLV,North Dakota State,2026-10-10T23:00:00.000Z,spread,BET,North Dakota State wins by MORE than 4.5,BUY YES,YES,North Dakota State,UNLV,4.5,,45,0.45,0.0173,0.521,5.4,North Dakota State -4.9,45.2,KXNCAAFSPREAD-26OCT10NDSUUNLV-NDSU5,North Dakota St. wins by over 4.5 points,,,,,,,,
2026-10-05T17:27:28+00:00,2026,6,401864518,North Dakota State @ UNLV,UNLV,North Dakota State,2026-10-10T23:00:00.000Z,total,BET,UNDER 47.5 total points,BUY NO,NO,,,47.5,False,45,0.45,0.0173,0.549,8.2,North Dakota State -4.9,45.2,KXNCAAFTOTAL-26OCT10NDSUUNLV-48,Full Game: Over 47.5 points scored,,,,,,,,
2026-10-05T17:27:28+00:00,2026,6,401858485,USC @ Penn State,Penn State,USC,2026-10-10T23:30:00.000Z,winner,LEAN,Penn State to WIN the game,BUY NO,NO,USC,Penn State,,,50,0.5,0.0175,0.557,4.0,Penn State -2.2,59.9,KXNCAAFGAME-26OCT10USCPSU-USC,USC wins,,,,,,,,
2026-10-05T17:27:28+00:00,2026,6,401858485,USC @ Penn State,Penn State,USC,2026-10-10T23:30:00.000Z,spread,LEAN,"USC wins by 2 or fewer, or loses",BUY NO,NO,USC,Penn State,2.5,,55,0.55,0.0173,0.611,4.3,Penn State -2.2,59.9,KXNCAAFSPREAD-26OCT10USCPSU-USC3,USC wins by over 2.5 points,,,,,,,,
2026-10-05T17:27:28+00:00,2026,6,401858485,USC @ Penn State,Penn State,USC,2026-10-10T23:30:00.000Z,total,BET,OVER 55.5 total points,BUY YES,YES,,,55.5,False,46,0.46,0.0174,0.606,12.9,Penn State -2.2,59.9,KXNCAAFTOTAL-26OCT10USCPSU-56,Full Game: Over 55.5 points scored,,,,,,,,
2026-10-05T17:27:28+00:00,2026,6,401864516,Air Force @ Northern Illinois,Northern Illinois,Air Force,2026-10-10T23:30:00.000Z,winner,LEAN,Air Force to WIN the game,BUY NO,NO,Northern Illinois,Air Force,,,79,0.79,0.0116,0.824,2.3,Air Force -14.1,49.9,KXNCAAFGAME-26OCT10AFANIU-NIU,Northern Illinois wins,,,,,,,,
2026-10-05T17:27:28+00:00,2026,6,401864516,Air Force @ Northern Illinois,Northern Illinois,Air Force,2026-10-10T23:30:00.000Z,spread,BET,Air Force wins by MORE than 10.5,BUY YES,YES,Air Force,Northern Illinois,10.5,,47,0.47,0.0174,0.594,10.6,Air Force -14.1,49.9,KXNCAAFSPREAD-26OCT10AFANIU-AFA11,Air Force wins by over 10.5 points,,,,,,,,
2026-10-05T17:27:28+00:00,2026,6,401864516,Air Force @ Northern Illinois,Northern Illinois,Air Force,2026-10-10T23:30:00.000Z,total,LEAN,OVER 48.5 total points,BUY YES,YES,,,48.5,False,48,0.48,0.0175,0.536,3.9,Air Force -14.1,49.9,KXNCAAFTOTAL-26OCT10AFANIU-49,Full Game: Over 48.5 points scored,,,,,,,,
2026-10-05T17:27:28+00:00,2026,6,401869949,James Madison @ Georgia Southern,Georgia Southern,James Madison,2026-10-10T23:30:00.000Z,winner,BET,James Madison to WIN the game,BUY NO,NO,Georgia Southern,James Madison,,,76,0.76,0.0128,0.862,8.9,James Madison -16.6,56.6,KXNCAAFGAME-26OCT10JMUGASO-GASO,Georgia Southern wins,,,,,,,,
2026-10-05T17:27:28+00:00,2026,6,401869949,James Madison @ Georgia Southern,Georgia Southern,James Madison,2026-10-10T23:30:00.000Z,spread,BET,James Madison wins by MORE than 10.5,BUY YES,YES,James Madison,Georgia Southern,10.5,,43,0.43,0.0172,0.653,20.6,James Madison -16.6,56.6,KXNCAAFSPREAD-26OCT10JMUGASO-JMU11,James Madison wins by over 10.5 points,,,,,,,,
2026-10-05T17:27:28+00:00,2026,6,401869949,James Madison @ Georgia Southern,Georgia Southern,James Madison,2026-10-10T23:30:00.000Z,total,LEAN,OVER 55.5 total points,BUY YES,YES,,,55.5,False,48,0.48,0.0175,0.529,3.2,James Madison -16.6,56.6,KXNCAAFTOTAL-26OCT10JMUGASO-56,Full Game: Over 55.5 points scored,,,,,,,,
2026-10-05T17:27:28+00:00,2026,6,401856712,Georgia @ Alabama,Alabama,Georgia,2026-10-10T23:30:00.000Z,winner,BET,Alabama to WIN the game,BUY NO,NO,Georgia,Alabama,,,52,0.52,0.0175,0.676,13.9,Alabama -7.2,69.8,KXNCAAFGAME-26OCT10UGAALA-UGA,Georgia wins,,,,,,,,
2026-10-05T17:27:28+00:00,2026,6,401856712,Georgia @ Alabama,Alabama,Georgia,2026-10-10T23:30:00.000Z,spread,BET,Alabama wins by MORE than 4.5,BUY YES,YES,Alabama,Georgia,4.5,,38,0.38,0.0165,0.568,17.1,Alabama -7.2,69.8,KXNCAAFSPREAD-26OCT10UGAALA-ALA5,Alabama wins by over 4.5 points,,,,,,,,
2026-10-05T17:27:28+00:00,2026,6,401856712,Georgia @ Alabama,Alabama,Georgia,2026-10-10T23:30:00.000Z,total,BET,OVER 58.5 total points,BUY YES,YES,,,58.5,False,42,0.42,0.0171,0.748,31.1,Alabama -7.2,69.8,KXNCAAFTOTAL-26OCT10UGAALA-59,Full Game: Over 58.5 points scored,,,,,,,,
2026-10-05T17:27:28+00:00,2026,6,401869965,Louisiana @ Louisiana Tech,Louisiana Tech,Louisiana,2026-10-10T23:30:00.000Z,winner,LEAN,Louisiana Tech to WIN the game,BUY NO,NO,Louisiana,Louisiana Tech,,,59,0.59,0.0169,0.624,1.7,Louisiana Tech -4.9,55.1,KXNCAAFGAME-26OCT10ULLLT-ULL,Louisiana wins,,,,,,,,
2026-10-05T17:27:28+00:00,2026,6,401869965,Louisiana @ Louisiana Tech,Louisiana Tech,Louisiana,2026-10-10T23:30:00.000Z,spread,BET,Louisiana Tech wins by MORE than 4.5,BUY YES,YES,Louisiana Tech,Louisiana,4.5,,44,0.44,0.0172,0.519,6.2,Louisiana Tech -4.9,55.1,KXNCAAFSPREAD-26OCT10ULLLT-LT5,Louisiana Tech wins by over 4.5 points,,,,,,,,
2026-10-05T17:27:28+00:00,2026,6,401869965,Louisiana @ Louisiana Tech,Louisiana Tech,Louisiana,2026-10-10T23:30:00.000Z,total,BET,OVER 48.5 total points,BUY YES,YES,,,48.5,False,48,0.48,0.0175,0.656,15.8,Louisiana Tech -4.9,55.1,KXNCAAFTOTAL-26OCT10ULLLT-49,Full Game: Over 48.5 points scored,,,,,,,,
2026-10-05T17:27:28+00:00,2026,6,401858258,Syracuse @ Virginia,Virginia,Syracuse,2026-10-10T23:30:00.000Z,winner,LEAN,Virginia to WIN the game,BUY YES,YES,Virginia,Syracuse,,,76,0.76,0.0128,0.816,4.4,Virginia -14.0,52.0,KXNCAAFGAME-26OCT10SYRUVA-UVA,Virginia wins,,,,,,,,
2026-10-05T17:27:28+00:00,2026,6,401858258,Syracuse @ Virginia,Virginia,Syracuse,2026-10-10T23:30:00.000Z,spread,BET,Virginia wins by MORE than 10.5,BUY YES,YES,Virginia,Syracuse,10.5,,46,0.46,0.0174,0.589,11.2,Virginia -14.0,52.0,KXNCAAFSPREAD-26OCT10SYRUVA-UVA11,Virginia wins by over 10.5 points,,,,,,,,
2026-10-05T17:27:28+00:00,2026,6,401858258,Syracuse @ Virginia,Virginia,Syracuse,2026-10-10T23:30:00.000Z,total,LEAN,OVER 50.5 total points,BUY YES,YES,,,50.5,False,48,0.48,0.0175,0.533,3.6,Virginia -14.0,52.0,KXNCAAFTOTAL-26OCT10SYRUVA-51,Full Game: Over 50.5 points scored,,,,,,,,
2026-10-05T17:27:28+00:00,2026,6,401858486,Minnesota @ Purdue,Purdue,Minnesota,2026-10-11T00:00:00.000Z,winner,PASS,Minnesota to WIN the game,BUY NO,NO,Purdue,Minnesota,,,55,0.55,0.0173,0.52,-4.7,Minnesota -1.0,54.5,KXNCAAFGAME-26OCT10MINNPUR-PUR,Purdue wins,,,,,,,,
2026-10-05T17:27:28+00:00,2026,6,401858486,Minnesota @ Purdue,Purdue,Minnesota,2026-10-11T00:00:00.000Z,spread,LEAN,"Minnesota wins by 2 or fewer, or loses",BUY NO,NO,Minnesota,Purdue,2.5,,49,0.49,0.0175,0.534,2.6,Minnesota -1.0,54.5,KXNCAAFSPREAD-26OCT10MINNPUR-MINN3,Minnesota wins by over 2.5 points,,,,,,,,
2026-10-05T17:27:28+00:00,2026,6,401858486,Minnesota @ Purdue,Purdue,Minnesota,2026-10-11T00:00:00.000Z,total,BET,OVER 51.5 total points,BUY YES,YES,,,51.5,False,47,0.47,0.0174,0.575,8.7,Minnesota -1.0,54.5,KXNCAAFTOTAL-26OCT10MINNPUR-52,Full Game: Over 51.5 points scored,,,,,,,,
2026-10-05T17:27:28+00:00,2026,6,401856808,Hawai'i @ Arizona State,Arizona State,Hawai'i,2026-10-11T01:30:00.000Z,winner,PASS,Arizona State to WIN the game,BUY NO,NO,Hawai'i,Arizona State,,,94,0.94,0.0039,0.784,-16.0,Arizona State -12.0,55.9,KXNCAAFGAME-26OCT10HAWASU-HAW,Hawai'i wins,,,,,,,,
2026-10-05T17:27:28+00:00,2026,6,401856808,Hawai'i @ Arizona State,Arizona State,Hawai'i,2026-10-11T01:30:00.000Z,spread,BET,"Arizona State wins by 20 or fewer, or loses",BUY NO,NO,Arizona State,Hawai'i,20.5,,48,0.48,0.0175,0.709,21.1,Arizona State -12.0,55.9,KXNCAAFSPREAD-26OCT10HAWASU-ASU21,Arizona St. wins by over 20.5 points,,,,,,,,
2026-10-05T17:27:28+00:00,2026,6,401856808,Hawai'i @ Arizona State,Arizona State,Hawai'i,2026-10-11T01:30:00.000Z,total,BET,OVER 52.5 total points,BUY YES,YES,,,52.5,False,46,0.46,0.0174,0.58,10.2,Arizona State -12.0,55.9,KXNCAAFTOTAL-26OCT10HAWASU-53,Full Game: Over 52.5 points scored,,,,,,,,
2026-10-05T17:27:28+00:00,2026,6,401856827,Kansas @ Utah,Utah,Kansas,2026-10-11T02:15:00.000Z,winner,LEAN,Utah to WIN the game,BUY YES,YES,Utah,Kansas,,,87,0.87,0.0079,0.904,2.6,Utah -20.1,58.5,KXNCAAFGAME-26OCT10KUUTAH-UTAH,Utah wins,,,,,,,,
2026-10-05T17:27:28+00:00,2026,6,401856827,Kansas @ Utah,Utah,Kansas,2026-10-11T02:15:00.000Z,spread,BET,Utah wins by MORE than 17.5,BUY YES,YES,Utah,Kansas,17.5,,43,0.43,0.0172,0.566,11.9,Utah -20.1,58.5,KXNCAAFSPREAD-26OCT10KUUTAH-UTAH18,Utah wins by over 17.5 points,,,,,,,,
2026-10-05T17:27:28+00:00,2026,6,401856827,Kansas @ Utah,Utah,Kansas,2026-10-11T02:15:00.000Z,total,BET,OVER 55.5 total points,BUY YES,YES,,,55.5,False,41,0.41,0.0169,0.573,14.6,Utah -20.1,58.5,KXNCAAFTOTAL-26OCT10KUUTAH-56,Full Game: Over 55.5 points scored,,,,,,,,
2026-10-05T17:27:28+00:00,2026,6,401860901,Boise State @ Fresno State,Fresno State,Boise State,2026-10-11T02:30:00.000Z,winner,PASS,Boise State to WIN the game,BUY NO,NO,Fresno State,Boise State,,,68,0.68,0.0152,0.536,-16.0,Boise State -1.3,47.0,KXNCAAFGAME-26OCT10BSUFRES-FRES,Fresno St. wins,,,,,,,,
2026-10-05T17:27:28+00:00,2026,6,401860901,Boise State @ Fresno State,Fresno State,Boise State,2026-10-11T02:30:00.000Z,spread,BET,"Boise State wins by 5 or fewer, or loses",BUY NO,NO,Boise State,Fresno State,5.5,,45,0.45,0.0173,0.602,13.5,Boise State -1.3,47.0,KXNCAAFSPREAD-26OCT10BSUFRES-BSU6,Boise St. wins by over 5.5 points,,,,,,,,
2026-10-05T17:27:28+00:00,2026,6,401860901,Boise State @ Fresno State,Fresno State,Boise State,2026-10-11T02:30:00.000Z,total,LEAN,UNDER 48.5 total points,BUY NO,NO,,,48.5,False,51,0.51,0.0175,0.536,0.9,Boise State -1.3,47.0,KXNCAAFTOTAL-26OCT10BSUFRES-49,Full Game: Over 48.5 points scored,,,,,,,,
2026-10-06T20:20:39+00:00,2026,6,401871090,Southern Miss @ Troy,Troy,Southern Miss,2026-10-07T00:00:00.000Z,winner,PASS,Troy to WIN the game,BUY NO,NO,Southern Miss,Troy,,,78,0.78,0.012,0.669,-12.3,Troy -6.8,47.4,KXNCAAFGAME-26OCT06USMTROY-USM,Southern Miss wins,55.0,34.0,False,W,0.2626,kalshi,2026-10-07T14:16:17+00:00,
2026-10-06T20:20:39+00:00,2026,6,401871090,Southern Miss @ Troy,Troy,Southern Miss,2026-10-07T00:00:00.000Z,total,BET,UNDER 50.5 total points,BUY NO,NO,,,50.5,False,46,0.46,0.0174,0.576,9.9,Troy -6.8,47.4,KXNCAAFTOTAL-26OCT06USMTROY-51,Full Game: Over 50.5 points scored,55.0,34.0,True,L,-1.0,kalshi,2026-10-07T14:16:17+00:00,
2026-10-06T20:20:39+00:00,2026,6,401871051,Jacksonville State @ Kennesaw State,Kennesaw State,Jacksonville State,2026-10-07T23:00:00.000Z,total,BET,UNDER 46.5 total points,BUY NO,NO,,,46.5,False,42,0.42,0.0171,0.613,17.6,Kennesaw State -1.9,41.6,KXNCAAFTOTAL-26OCT07JVSTKENN-47,Full Game: Over 46.5 points scored,26.0,27.0,True,L,-1.0,kalshi,2026-10-09T23:19:03+00:00,
2026-10-06T20:20:39+00:00,2026,6,401871066,New Mexico State @ Florida International,Florida International,New Mexico State,2026-10-07T23:30:00.000Z,winner,PASS,Florida International to WIN the game,BUY NO,NO,New Mexico State,Florida International,,,68,0.68,0.0152,0.626,-6.9,Florida International -4.8,36.7,KXNCAAFGAME-26OCT07NMSUFIU-NMSU,New Mexico St. wins,22.0,3.0,False,W,0.4384,kalshi,2026-10-09T23:19:03+00:00,
2026-10-06T20:20:39+00:00,2026,6,401871052,Missouri State @ Western Kentucky,Western Kentucky,Missouri State,2026-10-08T23:00:00.000Z,spread,LEAN,"Western Kentucky wins by 2 or fewer, or loses",BUY NO,NO,Western Kentucky,Missouri State,2.5,,50,0.5,0.0175,0.546,2.9,Western Kentucky -0.4,58.3,KXNCAAFSPREAD-26OCT08MOSUWKU-WKU3,Western Kentucky wins by over 2.5 points,34.0,13.0,True,L,-1.0,kalshi,2026-10-09T23:19:03+00:00,
2026-10-06T20:20:39+00:00,2026,6,401871052,Missouri State @ Western Kentucky,Western Kentucky,Missouri State,2026-10-08T23:00:00.000Z,total,LEAN,OVER 56.5 total points,BUY YES,YES,,,56.5,False,50,0.5,0.0175,0.544,2.6,Western Kentucky -0.4,58.3,KXNCAAFTOTAL-26OCT08MOSUWKU-57,Full Game: Over 56.5 points scored,34.0,13.0,False,L,-1.0,kalshi,2026-10-09T23:19:03+00:00,
2026-10-06T20:20:39+00:00,2026,6,401869933,South Alabama @ Arkansas State,Arkansas State,South Alabama,2026-10-08T23:30:00.000Z,total,LEAN,OVER 59.5 total points,BUY YES,YES,,,59.5,False,49,0.49,0.0175,0.509,0.2,Arkansas State -3.7,59.8,KXNCAAFTOTAL-26OCT08USAARST-60,Full Game: Over 59.5 points scored,49.0,56.0,True,W,0.9704,kalshi,2026-10-09T23:19:03+00:00,
2026-10-06T20:20:39+00:00,2026,6,401858254,Florida State @ Louisville,Louisville,Florida State,2026-10-09T23:00:00.000Z,winner,PASS,Louisville to WIN the game,BUY NO,NO,Florida State,Louisville,,,62,0.62,0.0165,0.508,-12.9,Louisville -0.5,59.5,KXNCAAFGAME-26OCT09FSULOU-FSU,Florida St. wins,44.0,20.0,False,W,0.5711,kalshi,2026-10-10T14:16:18+00:00,
2026-10-06T20:20:39+00:00,2026,6,401858254,Florida State @ Louisville,Louisville,Florida State,2026-10-09T23:00:00.000Z,spread,BET,"Louisville wins by 2 or fewer, or loses",BUY NO,NO,Louisville,Florida State,2.5,,42,0.42,0.0171,0.548,11.1,Louisville -0.5,59.5,KXNCAAFSPREAD-26OCT09FSULOU-LOU3,Louisville wins by over 2.5 points,44.0,20.0,True,L,-1.0,kalshi,2026-10-10T14:16:18+00:00,
2026-10-06T20:20:39+00:00,2026,6,401858487,Iowa @ Washington,Washington,Iowa,2026-10-10T01:00:00.000Z,winner,BET,Iowa to WIN the game,BUY YES,YES,Iowa,Washington,,,42,0.42,0.0171,0.519,8.2,Iowa -0.7,38.6,KXNCAAFGAME-26OCT09IOWAWASH-IOWA,Iowa wins,24.0,41.0,True,W,1.2878,kalshi,2026-10-10T14:16:18+00:00,
2026-10-06T20:20:39+00:00,2026,6,401858487,Iowa @ Washington,Washington,Iowa,2026-10-10T01:00:00.000Z,spread,BET,"Washington wins by 2 or fewer, or loses",BUY NO,NO,Washington,Iowa,2.5,,46,0.46,0.0174,0.573,9.6,Iowa -0.7,38.6,KXNCAAFSPREAD-26OCT09IOWAWASH-WASH3,Washington wins by over 2.5 points,24.0,41.0,False,W,1.0947,kalshi,2026-10-10T14:16:18+00:00,
2026-10-06T20:20:39+00:00,2026,6,401864519,Wyoming @ San José State,San José State,Wyoming,2026-10-10T01:00:00.000Z,spread,LEAN,San José State wins by MORE than 5.5,BUY YES,YES,San José State,Wyoming,5.5,,53,0.53,0.0174,0.55,0.2,San José State -7.7,31.3,KXNCAAFSPREAD-26OCT09WYOSJSU-SJSU6,San Jose St. wins by over 5.5 points,13.0,16.0,False,L,-1.0,kalshi,2026-10-10T14:16:18+00:00,
2026-10-06T20:20:39+00:00,2026,6,401856826,Iowa State @ BYU,BYU,Iowa State,2026-10-10T02:15:00.000Z,spread,LEAN,BYU wins by MORE than 7.5,BUY YES,YES,BYU,Iowa State,7.5,,57,0.57,0.0172,0.595,0.7,BYU -11.2,48.6,KXNCAAFSPREAD-26OCT09ISUBYU-BYU8,BYU wins by over 7.5 points,24.0,10.0,True,W,0.703,kalshi,2026-10-10T14:16:18+00:00,
2026-10-06T20:20:39+00:00,2026,6,401862795,Tulane @ Army,Army,Tulane,2026-10-10T16:00:00.000Z,spread,BET,Army wins by MORE than 5.5,BUY YES,YES,Army,Tulane,5.5,,43,0.43,0.0172,0.535,8.8,Army -6.9,36.6,KXNCAAFSPREAD-26OCT10TULNARMY-ARMY6,Army wins by over 5.5 points,20.0,17.0,False,L,-1.0,kalshi,2026-10-10T21:45:23+00:00,
2026-10-06T20:20:39+00:00,2026,6,401862795,Tulane @ Army,Army,Tulane,2026-10-10T16:00:00.000Z,total,BET,UNDER 40.5 total points,BUY NO,NO,,,40.5,False,31,0.31,0.015,0.587,26.2,Army -6.9,36.6,KXNCAAFTOTAL-26OCT10TULNARMY-41,Full Game: Over 40.5 points scored,20.0,17.0,False,W,2.0769,kalshi,2026-10-10T21:45:23+00:00,
2026-10-06T20:20:39+00:00,2026,6,401856823,Arizona @ West Virginia,West Virginia,Arizona,2026-10-10T16:00:00.000Z,total,LEAN,OVER 61.5 total points,BUY YES,YES,,,61.5,False,50,0.5,0.0175,0.537,2.0,Arizona -7.4,63.1,KXNCAAFTOTAL-26OCT10ARIZWVU-62,Full Game: Over 61.5 points scored,31.0,52.0,True,W,0.9324,kalshi,2026-10-10T21:45:23+00:00,
2026-10-06T20:20:39+00:00,2026,6,401858256,North Carolina @ Pittsburgh,Pittsburgh,North Carolina,2026-10-10T16:00:00.000Z,winner,BET,Pittsburgh to WIN the game,BUY NO,NO,North Carolina,Pittsburgh,,,63,0.63,0.0163,0.806,16.0,Pittsburgh -13.0,43.1,KXNCAAFGAME-26OCT10UNCPITT-UNC,North Carolina wins,17.0,21.0,True,L,-1.0,kalshi,2026-10-10T21:45:23+00:00,
2026-10-06T20:20:39+00:00,2026,6,401858256,North Carolina @ Pittsburgh,Pittsburgh,North Carolina,2026-10-10T16:00:00.000Z,spread,BET,Pittsburgh wins by MORE than 7.5,BUY YES,YES,Pittsburgh,North Carolina,7.5,,38,0.38,0.0165,0.642,24.5,Pittsburgh -13.0,43.1,KXNCAAFSPREAD-26OCT10UNCPITT-PITT8,Pittsburgh wins by over 7.5 points,17.0,21.0,False,L,-1.0,kalshi,2026-10-10T21:45:23+00:00,
2026-10-06T20:20:39+00:00,2026,6,401856716,Texas A&M @ Missouri,Missouri,Texas A&M,2026-10-10T16:00:00.000Z,spread,PASS,Missouri wins by MORE than 3.5,BUY YES,YES,Missouri,Texas A&M,3.5,,50,0.5,0.0175,0.508,-0.9,Missouri -3.4,51.2,KXNCAAFSPREAD-26OCT10TXAMMIZZ-MIZZ4,Missouri wins by over 3.5 points,27.0,6.0,True,W,0.9324,kalshi,2026-10-10T21:45:23+00:00,
2026-10-06T20:20:39+00:00,2026,6,401856716,Texas A&M @ Missouri,Missouri,Texas A&M,2026-10-10T16:00:00.000Z,total,BET,OVER 49.5 total points,BUY YES,YES,,,49.5,False,47,0.47,0.0174,0.543,5.5,Missouri -3.4,51.2,KXNCAAFTOTAL-26OCT10TXAMMIZZ-50,Full Game: Over 49.5 points scored,27.0,6.0,False,L,-1.0,kalshi,2026-10-10T21:45:23+00:00,
2026-10-06T20:20:39+00:00,2026,6,401858260,Wake Forest @ NC State,NC State,Wake Forest,2026-10-10T16:00:00.000Z,winner,PASS,Wake Forest to WIN the game,BUY YES,YES,Wake Forest,NC State,,,63,0.63,0.0163,0.564,-8.2,Wake Forest -2.7,62.1,KXNCAAFGAME-26OCT10WAKENCST-WAKE,Wake Forest wins,14.0,38.0,True,W,0.5473,kalshi,2026-10-10T21:45:23+00:00,
2026-10-06T20:20:39+00:00,2026,6,401858260,Wake Forest @ NC State,NC State,Wake Forest,2026-10-10T16:00:00.000Z,spread,LEAN,"Wake Forest wins by 6 or fewer, or loses",BUY NO,NO,Wake Forest,NC State,6.5,,57,0.57,0.0172,0.597,1.0,Wake Forest -2.7,62.1,KXNCAAFSPREAD-26OCT10WAKENCST-WAKE7,Wake Forest wins by over 6.5 points,14.0,38.0,True,L,-1.0,kalshi,2026-10-10T21:45:23+00:00,
2026-10-06T20:20:39+00:00,2026,6,401866436,Sacramento State @ Bowling Green,Bowling Green,Sacramento State,2026-10-10T16:00:00.000Z,spread,BET,"Bowling Green wins by 5 or fewer, or loses",BUY NO,NO,Bowling Green,Sacramento State,5.5,,41,0.41,0.0169,0.605,17.8,Bowling Green -1.2,38.4,KXNCAAFSPREAD-26OCT10SACBGSU-BGSU6,Bowling Green wins by over 5.5 points,38.0,10.0,True,L,-1.0,kalshi,2026-10-10T21:45:23+00:00,
2026-10-06T20:20:39+00:00,2026,6,401866436,Sacramento State @ Bowling Green,Bowling Green,Sacramento State,2026-10-10T16:00:00.000Z,total,BET,UNDER 38.5 total points,BUY NO,NO,,,38.5,False,35,0.35,0.0159,0.501,13.6,Bowling Green -1.2,38.4,KXNCAAFTOTAL-26OCT10SACBGSU-39,Full Game: Over 38.5 points scored,38.0,10.0,True,L,-1.0,kalshi,2026-10-10T21:45:23+00:00,
2026-10-06T20:20:39+00:00,2026,6,401858482,Ball State @ Northwestern,Northwestern,Ball State,2026-10-10T16:30:00.000Z,winner,PASS,Northwestern to WIN the game,BUY YES,YES,Northwestern,Ball State,,,99,0.99,0.0007,0.969,-2.1,Northwestern -28.7,46.7,KXNCAAFGAME-26OCT10BALLNW-NW,Northwestern wins,45.0,14.0,True,W,0.0094,kalshi,2026-10-10T21:45:23+00:00,
2026-10-06T20:20:39+00:00,2026,6,401866440,Miami (OH) @ Massachusetts,Massachusetts,Miami (OH),2026-10-10T18:00:00.000Z,winner,PASS,Miami (OH) to WIN the game,BUY YES,YES,Miami (OH),Massachusetts,,,55,0.55,0.0173,0.516,-5.1,Miami (OH) -0.6,45.3,KXNCAAFGAME-26OCT10MOHMASS-MOH,Miami (OH) wins,19.0,20.0,True,W,0.7627,kalshi,2026-10-10T21:45:23+00:00,
2026-10-06T20:20:39+00:00,2026,6,401866440,Miami (OH) @ Massachusetts,Massachusetts,Miami (OH),2026-10-10T18:00:00.000Z,total,LEAN,UNDER 50.5 total points,BUY NO,NO,,,50.5,False,59,0.59,0.0169,0.623,1.7,Miami (OH) -0.6,45.3,KXNCAAFTOTAL-26OCT10MOHMASS-51,Full Game: Over 50.5 points scored,19.0,20.0,False,W,0.6477,kalshi,2026-10-10T21:45:23+00:00,
2026-10-06T20:20:39+00:00,2026,6,401858484,UCLA @ Oregon,Oregon,UCLA,2026-10-10T19:30:00.000Z,spread,BET,"Oregon wins by 6 or fewer, or loses",BUY NO,NO,Oregon,UCLA,6.5,,35,0.35,0.0159,0.5,13.4,Oregon -6.5,72.8,KXNCAAFSPREAD-26OCT10UCLAORE-ORE7,Oregon wins by over 6.5 points,,,,,,,,
2026-10-06T20:20:39+00:00,2026,6,401858484,UCLA @ Oregon,Oregon,UCLA,2026-10-10T19:30:00.000Z,total,BET,OVER 59.5 total points,BUY YES,YES,,,59.5,False,45,0.45,0.0173,0.79,32.2,Oregon -6.5,72.8,KXNCAAFTOTAL-26OCT10UCLAORE-60,Full Game: Over 59.5 points scored,,,,,,,,
2026-10-06T20:20:39+00:00,2026,6,401858257,Stanford @ Notre Dame,Notre Dame,Stanford,2026-10-10T19:30:00.000Z,winner,LEAN,Notre Dame to WIN the game,BUY NO,NO,Stanford,Notre Dame,,,99,0.99,0.0007,0.991,0.1,Notre Dame -36.8,58.2,KXNCAAFGAME-26OCT10STANND-STAN,Stanford wins,,,,,,,,
2026-10-06T20:20:39+00:00,2026,6,401858257,Stanford @ Notre Dame,Notre Dame,Stanford,2026-10-10T19:30:00.000Z,spread,LEAN,"Notre Dame wins by 41 or fewer, or loses",BUY NO,NO,Notre Dame,Stanford,41.5,,60,0.6,0.0168,0.641,2.5,Notre Dame -36.8,58.2,KXNCAAFSPREAD-26OCT10STANND-ND42,Notre Dame wins by over 41.5 points,,,,,,,,
2026-10-06T20:20:39+00:00,2026,6,401858480,Illinois @ Michigan State,Michigan State,Illinois,2026-10-10T19:30:00.000Z,total,BET,UNDER 43.5 total points,BUY NO,NO,,,43.5,False,39,0.39,0.0167,0.516,10.9,Michigan State -0.4,42.7,KXNCAAFTOTAL-26OCT10ILLMSU-44,Full Game: Over 43.5 points scored,,,,,,,,
2026-10-06T20:20:39+00:00,2026,6,401862796,Charlotte @ North Texas,North Texas,Charlotte,2026-10-10T19:30:00.000Z,spread,BET,North Texas wins by MORE than 21.5,BUY YES,YES,North Texas,Charlotte,21.5,,67,0.67,0.0155,0.771,8.5,North Texas -33.0,73.9,KXNCAAFSPREAD-26OCT10CHARUNT-UNT22,North Texas wins by over 21.5 points,,,,,,,,
2026-10-06T20:20:39+00:00,2026,6,401858259,Virginia Tech @ California,California,Virginia Tech,2026-10-10T19:30:00.000Z,winner,PASS,Virginia Tech to WIN the game,BUY NO,NO,California,Virginia Tech,,,76,0.76,0.0128,0.649,-12.3,Virginia Tech -5.7,62.7,KXNCAAFGAME-26OCT10VTCAL-CAL,California wins,,,,,,,,
2026-10-06T20:20:39+00:00,2026,6,401866435,Eastern Michigan @ Akron,Akron,Eastern Michigan,2026-10-10T19:30:00.000Z,winner,PASS,Eastern Michigan to WIN the game,BUY NO,NO,Akron,Eastern Michigan,,,70,0.7,0.0147,0.624,-9.1,Eastern Michigan -4.7,52.5,KXNCAAFGAME-26OCT10EMUAKR-AKR,Akron wins,,,,,,,,
2026-10-06T20:20:39+00:00,2026,6,401856717,Texas @ Oklahoma,Oklahoma,Texas,2026-10-10T19:30:00.000Z,winner,PASS,Texas to WIN the game,BUY YES,YES,Texas,Oklahoma,,,76,0.76,0.0128,0.769,-0.3,Texas -11.5,28.6,KXNCAAFGAME-26OCT10TEXOKLA-TEX,Texas wins,,,,,,,,
2026-10-06T20:20:39+00:00,2026,6,401856718,Ole Miss @ Vanderbilt,Vanderbilt,Ole Miss,2026-10-10T19:30:00.000Z,winner,PASS,Ole Miss to WIN the game,BUY NO,NO,Vanderbilt,Ole Miss,,,77,0.77,0.0124,0.566,-21.6,Ole Miss -2.6,62.1,KXNCAAFGAME-26OCT10MISSVAN-VAN,Vanderbilt wins,,,,,,,,
2026-10-06T20:20:39+00:00,2026,6,401856718,Ole Miss @ Vanderbilt,Vanderbilt,Ole Miss,2026-10-10T19:30:00.000Z,spread,BET,"Ole Miss wins by 6 or fewer, or loses",BUY NO,NO,Ole Miss,Vanderbilt,6.5,,40,0.4,0.0168,0.599,18.2,Ole Miss -2.6,62.1,KXNCAAFSPREAD-26OCT10MISSVAN-MISS7,Ole Miss wins by over 6.5 points,,,,,,,,
2026-10-06T20:20:39+00:00,2026,6,401856718,Ole Miss @ Vanderbilt,Vanderbilt,Ole Miss,2026-10-10T19:30:00.000Z,total,BET,OVER 58.5 total points,BUY YES,YES,,,58.5,False,52,0.52,0.0175,0.59,5.2,Ole Miss -2.6,62.1,KXNCAAFTOTAL-26OCT10MISSVAN-59,Full Game: Over 58.5 points scored,,,,,,,,
2026-10-06T20:20:39+00:00,2026,6,401856825,Houston @ Kansas State,Kansas State,Houston,2026-10-10T19:30:00.000Z,winner,LEAN,Houston to WIN the game,BUY NO,NO,Kansas State,Houston,,,45,0.45,0.0173,0.508,4.1,Houston -0.2,63.5,KXNCAAFGAME-26OCT10HOUKSU-KSU,Kansas St. wins,,,,,,,,
2026-10-06T20:20:39+00:00,2026,6,401856825,Houston @ Kansas State,Kansas State,Houston,2026-10-10T19:30:00.000Z,spread,LEAN,"Kansas State wins by 1 or fewer, or loses",BUY NO,NO,Kansas State,Houston,1.5,,47,0.47,0.0174,0.536,4.8,Houston -0.2,63.5,KXNCAAFSPREAD-26OCT10HOUKSU-KSU2,Kansas St. wins by over 1.5 points,,,,,,,,
2026-10-06T20:20:39+00:00,2026,6,401862799,Tulsa @ Navy,Navy,Tulsa,2026-10-10T19:30:00.000Z,winner,BET,Navy to WIN the game,BUY NO,NO,Tulsa,Navy,,,55,0.55,0.0173,0.665,9.7,Navy -6.3,41.7,KXNCAAFGAME-26OCT10TLSANAVY-TLSA,Tulsa wins,,,,,,,,
2026-10-06T20:20:39+00:00,2026,6,401862799,Tulsa @ Navy,Navy,Tulsa,2026-10-10T19:30:00.000Z,total,BET,UNDER 42.5 total points,BUY NO,NO,,,42.5,False,35,0.35,0.0159,0.51,14.4,Navy -6.3,41.7,KXNCAAFTOTAL-26OCT10TLSANAVY-43,Full Game: Over 42.5 points scored,,,,,,,,
2026-10-06T20:20:39+00:00,2026,6,401861964,UConn @ Temple,Temple,UConn,2026-10-10T19:45:00.000Z,spread,PASS,"Temple wins by 5 or fewer, or loses",BUY NO,NO,Temple,UConn,5.5,,55,0.55,0.0173,0.547,-2.1,Temple -3.5,58.4,KXNCAAFSPREAD-26OCT10CONNTEM-TEM6,Temple wins by over 5.5 points,,,,,,,,
2026-10-06T20:20:39+00:00,2026,6,401862797,Rice @ East Carolina,East Carolina,Rice,2026-10-10T20:00:00.000Z,spread,PASS,"East Carolina wins by 20 or fewer, or loses",BUY NO,NO,East Carolina,Rice,20.5,,75,0.75,0.0131,0.761,-0.2,East Carolina -10.0,41.0,KXNCAAFSPREAD-26OCT10RICEECU-ECU21,East Carolina wins by over 20.5 points,28.0,12.0,False,W,0.3104,kalshi,2026-10-10T21:45:23+00:00,
2026-10-06T20:20:39+00:00,2026,6,401858483,Maryland @ Ohio State,Ohio State,Maryland,2026-10-10T20:15:00.000Z,winner,LEAN,Maryland to WIN the game,BUY YES,YES,Maryland,Ohio State,,,1,0.01,0.0007,0.025,1.5,Ohio State -30.5,55.0,KXNCAAFGAME-26OCT10MDOSU-MD,Maryland wins,,,,,,,,
2026-10-06T20:20:39+00:00,2026,6,401858483,Maryland @ Ohio State,Ohio State,Maryland,2026-10-10T20:15:00.000Z,total,LEAN,UNDER 57.5 total points,BUY NO,NO,,,57.5,False,52,0.52,0.0175,0.55,1.3,Ohio State -30.5,55.0,KXNCAAFTOTAL-26OCT10MDOSU-58,Full Game: Over 57.5 points scored,,,,,,,,
2026-10-06T20:20:39+00:00,2026,6,401856713,Tennessee @ Arkansas,Arkansas,Tennessee,2026-10-10T20:15:00.000Z,winner,PASS,Tennessee to WIN the game,BUY NO,NO,Arkansas,Tennessee,,,83,0.83,0.0099,0.838,-0.2,Tennessee -15.2,60.3,KXNCAAFGAME-26OCT10TENNARK-ARK,Arkansas wins,,,,,,,,
2026-10-06T20:20:39+00:00,2026,6,401856713,Tennessee @ Arkansas,Arkansas,Tennessee,2026-10-10T20:15:00.000Z,total,BET,OVER 58.5 total points,BUY YES,YES,,,58.5,False,32,0.32,0.0152,0.545,21.0,Tennessee -15.2,60.3,KXNCAAFTOTAL-26OCT10TENNARK-59,Full Game: Over 58.5 points scored,,,,,,,,
2026-10-06T20:20:39+00:00,2026,6,401860902,San Diego State @ Oregon State,Oregon State,San Diego State,2026-10-10T22:00:00.000Z,total,BET,UNDER 51.5 total points,BUY NO,NO,,,51.5,False,45,0.45,0.0173,0.628,16.1,Oregon State -7.4,45.9,KXNCAAFTOTAL-26OCT10SDSUORST-52,Full Game: Over 51.5 points scored,,,,,,,,
2026-10-06T20:20:39+00:00,2026,6,401856715,LSU @ Kentucky,Kentucky,LSU,2026-10-10T23:00:00.000Z,total,BET,OVER 54.5 total points,BUY YES,YES,,,54.5,False,45,0.45,0.0173,0.531,6.4,LSU -7.5,55.9,KXNCAAFTOTAL-26OCT10LSUUK-55,Full Game: Over 54.5 points scored,,,,,,,,
2026-10-06T20:20:39+00:00,2026,6,401862798,UAB @ Memphis,Memphis,UAB,2026-10-10T23:00:00.000Z,spread,BET,Memphis wins by MORE than 14.5,BUY YES,YES,Memphis,UAB,14.5,,49,0.49,0.0175,0.573,6.5,Memphis -17.4,58.0,KXNCAAFSPREAD-26OCT10UABMEM-MEM15,Memphis wins by over 14.5 points,,,,,,,,
2026-10-06T20:20:39+00:00,2026,6,401858258,Syracuse @ Virginia,Virginia,Syracuse,2026-10-10T23:30:00.000Z,winner,BET,Virginia to WIN the game,BUY NO,NO,Syracuse,Virginia,,,76,0.76,0.0128,0.826,5.4,Virginia -14.0,52.0,KXNCAAFGAME-26OCT10SYRUVA-SYR,Syracuse wins,,,,,,,,
2026-10-06T20:20:39+00:00,2026,6,401858258,Syracuse @ Virginia,Virginia,Syracuse,2026-10-10T23:30:00.000Z,total,LEAN,OVER 51.5 total points,BUY YES,YES,,,51.5,False,46,0.46,0.0174,0.523,4.6,Virginia -14.0,52.0,KXNCAAFTOTAL-26OCT10SYRUVA-52,Full Game: Over 51.5 points scored,,,,,,,,
2026-10-06T20:20:39+00:00,2026,6,401869965,Louisiana @ Louisiana Tech,Louisiana Tech,Louisiana,2026-10-10T23:30:00.000Z,total,BET,OVER 49.5 total points,BUY YES,YES,,,49.5,False,46,0.46,0.0174,0.645,16.8,Louisiana Tech -4.9,55.7,KXNCAAFTOTAL-26OCT10ULLLT-50,Full Game: Over 49.5 points scored,,,,,,,,
2026-10-06T20:20:39+00:00,2026,6,401856712,Georgia @ Alabama,Alabama,Georgia,2026-10-10T23:30:00.000Z,spread,BET,Alabama wins by MORE than 3.5,BUY YES,YES,Alabama,Georgia,3.5,,42,0.42,0.0171,0.595,15.8,Alabama -7.2,69.3,KXNCAAFSPREAD-26OCT10UGAALA-ALA4,Alabama wins by over 3.5 points,,,,,,,,
2026-10-06T20:20:39+00:00,2026,6,401856712,Georgia @ Alabama,Alabama,Georgia,2026-10-10T23:30:00.000Z,total,BET,OVER 60.5 total points,BUY YES,YES,,,60.5,False,33,0.33,0.0155,0.707,36.2,Alabama -7.2,69.3,KXNCAAFTOTAL-26OCT10UGAALA-61,Full Game: Over 60.5 points scored,,,,,,,,
2026-10-06T20:20:39+00:00,2026,6,401869949,James Madison @ Georgia Southern,Georgia Southern,James Madison,2026-10-10T23:30:00.000Z,spread,BET,James Madison wins by MORE than 14.5,BUY YES,YES,James Madison,Georgia Southern,14.5,,33,0.33,0.0155,0.554,20.9,James Madison -16.6,55.8,KXNCAAFSPREAD-26OCT10JMUGASO-JMU15,James Madison wins by over 14.5 points,,,,,,,,
2026-10-06T20:20:39+00:00,2026,6,401858486,Minnesota @ Purdue,Purdue,Minnesota,2026-10-11T00:00:00.000Z,winner,PASS,Minnesota to WIN the game,BUY YES,YES,Minnesota,Purdue,,,55,0.55,0.0173,0.528,-3.9,Minnesota -1.0,54.4,KXNCAAFGAME-26OCT10MINNPUR-MINN,Minnesota wins,,,,,,,,
2026-10-06T20:20:39+00:00,2026,6,401856827,Kansas @ Utah,Utah,Kansas,2026-10-11T02:15:00.000Z,total,BET,OVER 53.5 total points,BUY YES,YES,,,53.5,False,44,0.44,0.0172,0.624,16.7,Utah -20.1,58.4,KXNCAAFTOTAL-26OCT10KUUTAH-54,Full Game: Over 53.5 points scored,,,,,,,,
2026-10-06T20:20:39+00:00,2026,6,401860901,Boise State @ Fresno State,Fresno State,Boise State,2026-10-11T02:30:00.000Z,winner,PASS,Boise State to WIN the game,BUY YES,YES,Boise State,Fresno State,,,70,0.7,0.0147,0.536,-17.9,Boise State -1.3,45.9,KXNCAAFGAME-26OCT10BSUFRES-BSU,Boise St. wins,,,,,,,,
2026-10-06T20:20:39+00:00,2026,6,401860901,Boise State @ Fresno State,Fresno State,Boise State,2026-10-11T02:30:00.000Z,total,LEAN,UNDER 47.5 total points,BUY NO,NO,,,47.5,False,48,0.48,0.0175,0.536,3.8,Boise State -1.3,45.9,KXNCAAFTOTAL-26OCT10BSUFRES-48,Full Game: Over 47.5 points scored,,,,,,,,
2026-10-07T14:16:17+00:00,2026,6,401871051,Jacksonville State @ Kennesaw State,Kennesaw State,Jacksonville State,2026-10-07T23:00:00.000Z,total,BET,UNDER 43.5 total points,BUY NO,NO,,,43.5,False,34,0.34,0.0157,0.542,18.6,Kennesaw State -1.9,41.7,KXNCAAFTOTAL-26OCT07JVSTKENN-44,Full Game: Over 43.5 points scored,26.0,27.0,True,L,-1.0,kalshi,2026-10-09T23:19:03+00:00,
2026-10-07T14:16:17+00:00,2026,6,401870766,Sam Houston @ Liberty,Liberty,Sam Houston,2026-10-08T23:00:00.000Z,spread,LEAN,Liberty wins by MORE than 10.5,BUY YES,YES,Liberty,Sam Houston,10.5,,57,0.57,0.0172,0.599,1.2,Liberty -14.7,50.9,KXNCAAFSPREAD-26OCT08SHSULIB-LIB11,Liberty wins by over 10.5 points,35.0,3.0,True,W,0.703,kalshi,2026-10-09T23:19:03+00:00,
2026-10-07T14:16:17+00:00,2026,6,401870766,Sam Houston @ Liberty,Liberty,Sam Houston,2026-10-08T23:00:00.000Z,total,LEAN,UNDER 51.5 total points,BUY NO,NO,,,51.5,False,47,0.47,0.0174,0.514,2.6,Liberty -14.7,50.9,KXNCAAFTOTAL-26OCT08SHSULIB-52,Full Game: Over 51.5 points scored,35.0,3.0,False,W,1.0517,kalshi,2026-10-09T23:19:03+00:00,
2026-10-07T14:16:17+00:00,2026,6,401869933,South Alabama @ Arkansas State,Arkansas State,South Alabama,2026-10-08T23:30:00.000Z,winner,BET,Arkansas State to WIN the game,BUY YES,YES,Arkansas State,South Alabama,,,52,0.52,0.0175,0.602,6.4,Arkansas State -3.7,60.0,KXNCAAFGAME-26OCT08USAARST-ARST,Arkansas St. wins,49.0,56.0,False,L,-1.0,kalshi,2026-10-09T23:19:03+00:00,
2026-10-07T14:16:17+00:00,2026,6,401860922,Washington State @ Utah State,Utah State,Washington State,2026-10-10T01:00:00.000Z,total,BET,UNDER 41.5 total points,BUY NO,NO,,,41.5,False,42,0.42,0.0171,0.684,24.6,Utah State -0.6,33.6,KXNCAAFTOTAL-26OCT09WSUUSU-42,Full Game: Over 41.5 points scored,17.0,16.0,False,W,1.2878,kalshi,2026-10-10T14:16:18+00:00,
2026-10-07T14:16:17+00:00,2026,6,401858487,Iowa @ Washington,Washington,Iowa,2026-10-10T01:00:00.000Z,total,LEAN,UNDER 39.5 total points,BUY NO,NO,,,39.5,False,45,0.45,0.0173,0.507,4.0,Iowa -0.6,38.8,KXNCAAFTOTAL-26OCT09IOWAWASH-40,Full Game: Over 39.5 points scored,24.0,41.0,True,L,-1.0,kalshi,2026-10-10T14:16:18+00:00,
2026-10-07T14:16:17+00:00,2026,6,401862795,Tulane @ Army,Army,Tulane,2026-10-10T16:00:00.000Z,spread,BET,Army wins by MORE than 3.5,BUY YES,YES,Army,Tulane,3.5,,48,0.48,0.0175,0.595,9.8,Army -7.3,35.7,KXNCAAFSPREAD-26OCT10TULNARMY-ARMY4,Army wins by over 3.5 points,20.0,17.0,False,L,-1.0,kalshi,2026-10-10T21:45:23+00:00,
2026-10-07T14:16:17+00:00,2026,6,401856824,UCF @ Oklahoma State,Oklahoma State,UCF,2026-10-10T16:00:00.000Z,spread,BET,"Oklahoma State wins by 1 or fewer, or loses",BUY NO,NO,Oklahoma State,UCF,1.5,,25,0.25,0.0131,0.572,30.9,UCF -1.8,44.8,KXNCAAFSPREAD-26OCT10UCFOKST-OKST2,Oklahoma St. wins by over 1.5 points,42.0,28.0,True,L,-1.0,kalshi,2026-10-10T21:45:23+00:00,
2026-10-07T14:16:17+00:00,2026,6,401858260,Wake Forest @ NC State,NC State,Wake Forest,2026-10-10T16:00:00.000Z,spread,PASS,"Wake Forest wins by 3 or fewer, or loses",BUY NO,NO,Wake Forest,NC State,3.5,,50,0.5,0.0175,0.516,-0.1,Wake Forest -2.7,62.1,KXNCAAFSPREAD-26OCT10WAKENCST-WAKE4,Wake Forest wins by over 3.5 points,14.0,38.0,True,L,-1.0,kalshi,2026-10-10T21:45:23+00:00,
2026-10-07T14:16:17+00:00,2026,6,401856823,Arizona @ West Virginia,West Virginia,Arizona,2026-10-10T16:00:00.000Z,winner,BET,Arizona to WIN the game,BUY YES,YES,Arizona,West Virginia,,,61,0.61,0.0167,0.685,5.8,Arizona -7.4,63.1,KXNCAAFGAME-26OCT10ARIZWVU-ARIZ,Arizona wins,31.0,52.0,True,W,0.5957,kalshi,2026-10-10T21:45:23+00:00,
2026-10-07T14:16:17+00:00,2026,6,401856823,Arizona @ West Virginia,West Virginia,Arizona,2026-10-10T16:00:00.000Z,spread,BET,Arizona wins by MORE than 4.5,BUY YES,YES,Arizona,West Virginia,4.5,,44,0.44,0.0172,0.579,12.2,Arizona -7.4,63.1,KXNCAAFSPREAD-26OCT10ARIZWVU-ARIZ5,Arizona wins by over 4.5 points,31.0,52.0,True,W,1.1872,kalshi,2026-10-10T21:45:23+00:00,
2026-10-07T14:16:17+00:00,2026,6,401856716,Texas A&M @ Missouri,Missouri,Texas A&M,2026-10-10T16:00:00.000Z,spread,PASS,"Missouri wins by 5 or fewer, or loses",BUY NO,NO,Missouri,Texas A&M,5.5,,55,0.55,0.0173,0.543,-2.4,Missouri -3.7,50.6,KXNCAAFSPREAD-26OCT10TXAMMIZZ-MIZZ6,Missouri wins by over 5.5 points,27.0,6.0,True,L,-1.0,kalshi,2026-10-10T21:45:23+00:00,
2026-10-07T14:16:17+00:00,2026,6,401858482,Ball State @ Northwestern,Northwestern,Ball State,2026-10-10T16:30:00.000Z,spread,BET,"Northwestern wins by 34 or fewer, or loses",BUY NO,NO,Northwestern,Ball State,34.5,,43,0.43,0.0172,0.683,23.6,Northwestern -28.7,47.1,KXNCAAFSPREAD-26OCT10BALLNW-NW35,Northwestern wins by over 34.5 points,45.0,14.0,False,W,1.2361,kalshi,2026-10-10T21:45:23+00:00,
2026-10-07T14:16:17+00:00,2026,6,401856714,South Carolina @ Florida,Florida,South Carolina,2026-10-10T16:45:00.000Z,spread,BET,"Florida wins by 16 or fewer, or loses",BUY NO,NO,Florida,South Carolina,16.5,,59,0.59,0.0169,0.687,8.0,Florida -8.9,67.4,KXNCAAFSPREAD-26OCT10SCARFLA-FLA17,Florida wins by over 16.5 points,19.0,38.0,False,W,0.6477,kalshi,2026-10-10T21:45:23+00:00,
2026-10-07T14:16:17+00:00,2026,6,401869843,Old Dominion @ App State,App State,Old Dominion,2026-10-10T17:00:00.000Z,total,PASS,UNDER 50.5 total points,BUY NO,NO,,,50.5,False,51,0.51,0.0175,0.525,-0.3,App State -5.7,49.2,KXNCAAFTOTAL-26OCT10ODUAPP-51,Full Game: Over 50.5 points scored,3.0,10.0,False,W,0.8957,kalshi,2026-10-10T21:45:23+00:00,
2026-10-07T14:16:17+00:00,2026,6,401866440,Miami (OH) @ Massachusetts,Massachusetts,Miami (OH),2026-10-10T18:00:00.000Z,total,LEAN,UNDER 52.5 total points,BUY NO,NO,,,52.5,False,64,0.64,0.0161,0.657,0.1,Miami (OH) -0.5,45.5,KXNCAAFTOTAL-26OCT10MOHMASS-53,Full Game: Over 52.5 points scored,19.0,20.0,False,W,0.5242,kalshi,2026-10-10T21:45:23+00:00,
2026-10-07T14:16:17+00:00,2026,6,401866438,Central Michigan @ Ohio,Ohio,Central Michigan,2026-10-10T19:30:00.000Z,winner,BET,Ohio to WIN the game,BUY NO,NO,Central Michigan,Ohio,,,58,0.58,0.0171,0.648,5.1,Ohio -5.6,43.6,KXNCAAFGAME-26OCT10CMUOHIO-CMU,Central Michigan wins,,,,,,,,
2026-10-07T14:16:17+00:00,2026,6,401866438,Central Michigan @ Ohio,Ohio,Central Michigan,2026-10-10T19:30:00.000Z,spread,BET,Ohio wins by MORE than 4.5,BUY YES,YES,Ohio,Central Michigan,4.5,,43,0.43,0.0172,0.534,8.7,Ohio -5.6,43.6,KXNCAAFSPREAD-26OCT10CMUOHIO-OHIO5,Ohio wins by over 4.5 points,,,,,,,,
2026-10-07T14:16:17+00:00,2026,6,401866438,Central Michigan @ Ohio,Ohio,Central Michigan,2026-10-10T19:30:00.000Z,total,LEAN,UNDER 50.5 total points,BUY NO,NO,,,50.5,False,61,0.61,0.0167,0.66,3.3,Ohio -5.6,43.6,KXNCAAFTOTAL-26OCT10CMUOHIO-51,Full Game: Over 50.5 points scored,,,,,,,,
2026-10-07T14:16:17+00:00,2026,6,401862796,Charlotte @ North Texas,North Texas,Charlotte,2026-10-10T19:30:00.000Z,spread,BET,North Texas wins by MORE than 24.5,BUY YES,YES,North Texas,Charlotte,24.5,,61,0.61,0.0167,0.705,7.8,North Texas -33.0,73.9,KXNCAAFSPREAD-26OCT10CHARUNT-UNT25,North Texas wins by over 24.5 points,,,,,,,,
2026-10-07T14:16:17+00:00,2026,6,401858484,UCLA @ Oregon,Oregon,UCLA,2026-10-10T19:30:00.000Z,spread,BET,"Oregon wins by 9 or fewer, or loses",BUY NO,NO,Oregon,UCLA,9.5,,45,0.45,0.0173,0.573,10.6,Oregon -6.5,72.8,KXNCAAFSPREAD-26OCT10UCLAORE-ORE10,Oregon wins by over 9.5 points,,,,,,,,
2026-10-07T14:16:17+00:00,2026,6,401866439,Kent State @ Western Michigan,Western Michigan,Kent State,2026-10-10T19:30:00.000Z,spread,PASS,Western Michigan wins by MORE than 10.5,BUY YES,YES,Western Michigan,Kent State,10.5,,56,0.56,0.0172,0.573,-0.4,Western Michigan -13.8,36.9,KXNCAAFSPREAD-26OCT10KENTWMU-WMU11,Western Michigan wins by over 10.5 points,,,,,,,,
2026-10-07T14:16:17+00:00,2026,6,401866439,Kent State @ Western Michigan,Western Michigan,Kent State,2026-10-10T19:30:00.000Z,total,BET,UNDER 38.5 total points,BUY NO,NO,,,38.5,False,37,0.37,0.0163,0.523,13.7,Western Michigan -13.8,36.9,KXNCAAFTOTAL-26OCT10KENTWMU-39,Full Game: Over 38.5 points scored,,,,,,,,
2026-10-07T14:16:17+00:00,2026,6,401866437,Buffalo @ Toledo,Toledo,Buffalo,2026-10-10T19:30:00.000Z,total,BET,OVER 62.5 total points,BUY YES,YES,,,62.5,False,31,0.31,0.015,0.563,23.8,Toledo -25.2,65.3,KXNCAAFTOTAL-26OCT10BUFFTOL-63,Full Game: Over 62.5 points scored,,,,,,,,
2026-10-07T14:16:17+00:00,2026,6,401866435,Eastern Michigan @ Akron,Akron,Eastern Michigan,2026-10-10T19:30:00.000Z,total,PASS,OVER 51.5 total points,BUY YES,YES,,,51.5,False,52,0.52,0.0175,0.522,-1.6,Eastern Michigan -4.7,52.4,KXNCAAFTOTAL-26OCT10EMUAKR-52,Full Game: Over 51.5 points scored,,,,,,,,
2026-10-07T14:16:17+00:00,2026,6,401858257,Stanford @ Notre Dame,Notre Dame,Stanford,2026-10-10T19:30:00.000Z,total,BET,OVER 55.5 total points,BUY YES,YES,,,55.5,False,47,0.47,0.0174,0.581,9.3,Notre Dame -36.8,58.2,KXNCAAFTOTAL-26OCT10STANND-56,Full Game: Over 55.5 points scored,,,,,,,,
2026-10-07T14:16:17+00:00,2026,6,401861964,UConn @ Temple,Temple,UConn,2026-10-10T19:45:00.000Z,spread,PASS,Temple wins by MORE than 3.5,BUY YES,YES,Temple,UConn,3.5,,52,0.52,0.0175,0.514,-2.3,Temple -3.8,57.7,KXNCAAFSPREAD-26OCT10CONNTEM-TEM4,Temple wins by over 3.5 points,,,,,,,,
2026-10-07T14:16:17+00:00,2026,6,401862797,Rice @ East Carolina,East Carolina,Rice,2026-10-10T20:00:00.000Z,spread,PASS,"East Carolina wins by 13 or fewer, or loses",BUY NO,NO,East Carolina,Rice,13.5,,58,0.58,0.0171,0.595,-0.2,East Carolina -10.0,40.7,KXNCAAFSPREAD-26OCT10RICEECU-ECU14,East Carolina wins by over 13.5 points,28.0,12.0,True,L,-1.0,kalshi,2026-10-10T21:45:23+00:00,
2026-10-07T14:16:17+00:00,2026,6,401864518,North Dakota State @ UNLV,UNLV,North Dakota State,2026-10-10T23:00:00.000Z,spread,LEAN,North Dakota State wins by MORE than 3.5,BUY YES,YES,North Dakota State,UNLV,3.5,,48,0.48,0.0175,0.541,4.4,North Dakota State -4.9,45.2,KXNCAAFSPREAD-26OCT10NDSUUNLV-NDSU4,North Dakota St. wins by over 3.5 points,,,,,,,,
2026-10-07T14:16:17+00:00,2026,6,401869943,Coastal Carolina @ Marshall,Marshall,Coastal Carolina,2026-10-10T23:00:00.000Z,total,BET,UNDER 54.5 total points,BUY NO,NO,,,54.5,False,41,0.41,0.0169,0.53,10.3,Marshall -2.1,53.3,KXNCAAFTOTAL-26OCT10CCARMRSH-55,Full Game: Over 54.5 points scored,,,,,,,,
2026-10-07T14:16:17+00:00,2026,6,401856715,LSU @ Kentucky,Kentucky,LSU,2026-10-10T23:00:00.000Z,spread,LEAN,"LSU wins by 13 or fewer, or loses",BUY NO,NO,LSU,Kentucky,13.5,,61,0.61,0.0167,0.649,2.2,LSU -7.5,52.7,KXNCAAFSPREAD-26OCT10LSUUK-LSU14,LSU wins by over 13.5 points,,,,,,,,
2026-10-07T14:16:17+00:00,2026,6,401856715,LSU @ Kentucky,Kentucky,LSU,2026-10-10T23:00:00.000Z,total,LEAN,OVER 52.5 total points,BUY YES,YES,,,52.5,False,48,0.48,0.0175,0.507,1.0,LSU -7.5,52.7,KXNCAAFTOTAL-26OCT10LSUUK-53,Full Game: Over 52.5 points scored,,,,,,,,
2026-10-07T14:16:17+00:00,2026,6,401862798,UAB @ Memphis,Memphis,UAB,2026-10-10T23:00:00.000Z,total,BET,OVER 58.5 total points,BUY YES,YES,,,58.5,False,39,0.39,0.0167,0.514,10.7,Memphis -17.4,58.9,KXNCAAFTOTAL-26OCT10UABMEM-59,Full Game: Over 58.5 points scored,,,,,,,,
2026-10-07T14:16:17+00:00,2026,6,401864516,Air Force @ Northern Illinois,Northern Illinois,Air Force,2026-10-10T23:30:00.000Z,spread,BET,Air Force wins by MORE than 11.5,BUY YES,YES,Air Force,Northern Illinois,11.5,,39,0.39,0.0167,0.571,16.4,Air Force -14.1,49.6,KXNCAAFSPREAD-26OCT10AFANIU-AFA12,Air Force wins by over 11.5 points,,,,,,,,
2026-10-07T14:16:17+00:00,2026,6,401856712,Georgia @ Alabama,Alabama,Georgia,2026-10-10T23:30:00.000Z,winner,BET,Alabama to WIN the game,BUY YES,YES,Alabama,Georgia,,,53,0.53,0.0174,0.68,13.3,Alabama -7.2,70.4,KXNCAAFGAME-26OCT10UGAALA-ALA,Alabama wins,,,,,,,,
2026-10-07T14:16:17+00:00,2026,6,401856712,Georgia @ Alabama,Alabama,Georgia,2026-10-10T23:30:00.000Z,total,BET,OVER 63.5 total points,BUY YES,YES,,,63.5,False,25,0.25,0.0131,0.665,40.2,Alabama -7.2,70.4,KXNCAAFTOTAL-26OCT10UGAALA-64,Full Game: Over 63.5 points scored,,,,,,,,
2026-10-07T14:16:17+00:00,2026,6,401869965,Louisiana @ Louisiana Tech,Louisiana Tech,Louisiana,2026-10-10T23:30:00.000Z,spread,BET,Louisiana Tech wins by MORE than 3.5,BUY YES,YES,Louisiana Tech,Louisiana,3.5,,47,0.47,0.0174,0.542,5.5,Louisiana Tech -4.9,55.7,KXNCAAFSPREAD-26OCT10ULLLT-LT4,Louisiana Tech wins by over 3.5 points,,,,,,,,
2026-10-07T14:16:17+00:00,2026,6,401869965,Louisiana @ Louisiana Tech,Louisiana Tech,Louisiana,2026-10-10T23:30:00.000Z,total,BET,OVER 51.5 total points,BUY YES,YES,,,51.5,False,39,0.39,0.0167,0.601,19.4,Louisiana Tech -4.9,55.7,KXNCAAFTOTAL-26OCT10ULLLT-52,Full Game: Over 51.5 points scored,,,,,,,,
2026-10-07T14:16:17+00:00,2026,6,401856808,Hawai'i @ Arizona State,Arizona State,Hawai'i,2026-10-11T01:30:00.000Z,spread,BET,"Arizona State wins by 16 or fewer, or loses",BUY NO,NO,Arizona State,Hawai'i,16.5,,38,0.38,0.0165,0.608,21.1,Arizona State -12.0,55.7,KXNCAAFSPREAD-26OCT10HAWASU-ASU17,Arizona St. wins by over 16.5 points,,,,,,,,
2026-10-07T14:16:17+00:00,2026,6,401856808,Hawai'i @ Arizona State,Arizona State,Hawai'i,2026-10-11T01:30:00.000Z,total,BET,OVER 55.5 total points,BUY YES,YES,,,55.5,False,36,0.36,0.0161,0.505,12.9,Arizona State -12.0,55.7,KXNCAAFTOTAL-26OCT10HAWASU-56,Full Game: Over 55.5 points scored,,,,,,,,
2026-10-07T14:16:17+00:00,2026,6,401856827,Kansas @ Utah,Utah,Kansas,2026-10-11T02:15:00.000Z,winner,LEAN,Utah to WIN the game,BUY NO,NO,Kansas,Utah,,,86,0.86,0.0084,0.905,3.6,Utah -20.1,57.3,KXNCAAFGAME-26OCT10KUUTAH-KU,Kansas wins,,,,,,,,
2026-10-07T14:16:17+00:00,2026,6,401860901,Boise State @ Fresno State,Fresno State,Boise State,2026-10-11T02:30:00.000Z,spread,BET,"Boise State wins by 2 or fewer, or loses",BUY NO,NO,Boise State,Fresno State,2.5,,37,0.37,0.0163,0.523,13.7,Boise State -1.3,45.8,KXNCAAFSPREAD-26OCT10BSUFRES-BSU3,Boise St. wins by over 2.5 points,,,,,,,,
2026-10-07T14:16:17+00:00,2026,6,401860901,Boise State @ Fresno State,Fresno State,Boise State,2026-10-11T02:30:00.000Z,total,LEAN,UNDER 46.5 total points,BUY NO,NO,,,46.5,False,46,0.46,0.0174,0.516,3.9,Boise State -1.3,45.8,KXNCAAFTOTAL-26OCT10BSUFRES-47,Full Game: Over 46.5 points scored,,,,,,,,
2026-10-09T23:19:03+00:00,2026,6,401860922,Washington State @ Utah State,Utah State,Washington State,2026-10-10T01:00:00.000Z,winner,PASS,Utah State to WIN the game,BUY YES,YES,Utah State,Washington State,,,63,0.63,0.0163,0.518,-12.9,Utah State -0.6,33.5,KXNCAAFGAME-26OCT09WSUUSU-USU,Utah St. wins,17.0,16.0,True,W,0.5473,kalshi,2026-10-10T14:16:18+00:00,
2026-10-09T23:19:03+00:00,2026,6,401864519,Wyoming @ San José State,San José State,Wyoming,2026-10-10T01:00:00.000Z,spread,BET,San José State wins by MORE than 3.5,BUY YES,YES,San José State,Wyoming,3.5,,52,0.52,0.0175,0.61,7.3,San José State -7.7,31.3,KXNCAAFSPREAD-26OCT09WYOSJSU-SJSU4,San Jose St. wins by over 3.5 points,13.0,16.0,False,L,-1.0,kalshi,2026-10-10T14:16:18+00:00,
2026-10-09T23:19:03+00:00,2026,6,401864519,Wyoming @ San José State,San José State,Wyoming,2026-10-10T01:00:00.000Z,total,BET,UNDER 36.5 total points,BUY NO,NO,,,36.5,False,32,0.32,0.0152,0.615,28.0,San José State -7.7,31.3,KXNCAAFTOTAL-26OCT09WYOSJSU-37,Full Game: Over 36.5 points scored,13.0,16.0,False,W,1.9833,kalshi,2026-10-10T14:16:18+00:00,
2026-10-09T23:19:03+00:00,2026,6,401856826,Iowa State @ BYU,BYU,Iowa State,2026-10-10T02:15:00.000Z,spread,PASS,"BYU wins by 13 or fewer, or loses",BUY NO,NO,BYU,Iowa State,13.5,,55,0.55,0.0173,0.563,-0.5,BYU -11.2,48.7,KXNCAAFSPREAD-26OCT09ISUBYU-BYU14,BYU wins by over 13.5 points,24.0,10.0,True,L,-1.0,kalshi,2026-10-10T14:16:18+00:00,
2026-10-09T23:19:03+00:00,2026,6,401856824,UCF @ Oklahoma State,Oklahoma State,UCF,2026-10-10T16:00:00.000Z,total,BET,UNDER 50.5 total points,BUY NO,NO,,,50.5,False,40,0.4,0.0168,0.619,20.3,UCF -1.8,45.2,KXNCAAFTOTAL-26OCT10UCFOKST-51,Full Game: Over 50.5 points scored,42.0,28.0,True,L,-1.0,kalshi,2026-10-10T21:45:23+00:00,
2026-10-09T23:19:03+00:00,2026,6,401866436,Sacramento State @ Bowling Green,Bowling Green,Sacramento State,2026-10-10T16:00:00.000Z,winner,PASS,Bowling Green to WIN the game,BUY YES,YES,Bowling Green,Sacramento State,,,73,0.73,0.0138,0.53,-21.4,Bowling Green -1.1,38.3,KXNCAAFGAME-26OCT10SACBGSU-BGSU,Bowling Green wins,38.0,10.0,True,W,0.3444,kalshi,2026-10-10T21:45:23+00:00,
2026-10-09T23:19:03+00:00,2026,6,401858260,Wake Forest @ NC State,NC State,Wake Forest,2026-10-10T16:00:00.000Z,spread,PASS,"Wake Forest wins by 13 or fewer, or loses",BUY NO,NO,Wake Forest,NC State,13.5,,75,0.75,0.0131,0.754,-0.9,Wake Forest -2.7,61.3,KXNCAAFSPREAD-26OCT10WAKENCST-WAKE14,Wake Forest wins by over 13.5 points,14.0,38.0,True,L,-1.0,kalshi,2026-10-10T21:45:23+00:00,
2026-10-09T23:19:03+00:00,2026,6,401858260,Wake Forest @ NC State,NC State,Wake Forest,2026-10-10T16:00:00.000Z,total,BET,OVER 59.5 total points,BUY YES,YES,,,59.5,False,46,0.46,0.0174,0.548,7.0,Wake Forest -2.7,61.3,KXNCAAFTOTAL-26OCT10WAKENCST-60,Full Game: Over 59.5 points scored,14.0,38.0,False,L,-1.0,kalshi,2026-10-10T21:45:23+00:00,
2026-10-09T23:19:03+00:00,2026,6,401858481,Indiana @ Nebraska,Nebraska,Indiana,2026-10-10T16:00:00.000Z,winner,PASS,Indiana to WIN the game,BUY YES,YES,Indiana,Nebraska,,,74,0.74,0.0135,0.704,-5.0,Indiana -8.1,55.3,KXNCAAFGAME-26OCT10INDNEB-IND,Indiana wins,17.0,20.0,True,W,0.3271,kalshi,2026-10-10T21:45:23+00:00,
2026-10-09T23:19:03+00:00,2026,6,401858481,Indiana @ Nebraska,Nebraska,Indiana,2026-10-10T16:00:00.000Z,spread,PASS,"Indiana wins by 13 or fewer, or loses",BUY NO,NO,Indiana,Nebraska,13.5,,63,0.63,0.0163,0.636,-1.0,Indiana -8.1,55.3,KXNCAAFSPREAD-26OCT10INDNEB-IND14,Indiana wins by over 13.5 points,17.0,20.0,False,W,0.5473,kalshi,2026-10-10T21:45:23+00:00,
2026-10-09T23:19:03+00:00,2026,6,401862795,Tulane @ Army,Army,Tulane,2026-10-10T16:00:00.000Z,total,BET,UNDER 43.5 total points,BUY NO,NO,,,43.5,False,36,0.36,0.0161,0.695,31.9,Army -7.0,34.8,KXNCAAFTOTAL-26OCT10TULNARMY-44,Full Game: Over 43.5 points scored,20.0,17.0,False,W,1.6589,kalshi,2026-10-10T21:45:23+00:00,
2026-10-09T23:19:03+00:00,2026,6,401856823,Arizona @ West Virginia,West Virginia,Arizona,2026-10-10T16:00:00.000Z,total,LEAN,OVER 58.5 total points,BUY YES,YES,,,58.5,False,56,0.56,0.0172,0.608,3.1,Arizona -7.4,63.1,KXNCAAFTOTAL-26OCT10ARIZWVU-59,Full Game: Over 58.5 points scored,31.0,52.0,True,W,0.7325,kalshi,2026-10-10T21:45:23+00:00,
2026-10-09T23:19:03+00:00,2026,6,401858482,Ball State @ Northwestern,Northwestern,Ball State,2026-10-10T16:30:00.000Z,spread,BET,"Northwestern wins by 33 or fewer, or loses",BUY NO,NO,Northwestern,Ball State,33.5,,41,0.41,0.0169,0.661,23.4,Northwestern -28.5,46.9,KXNCAAFSPREAD-26OCT10BALLNW-NW34,Northwestern wins by over 33.5 points,45.0,14.0,False,W,1.3425,kalshi,2026-10-10T21:45:23+00:00,
2026-10-09T23:19:03+00:00,2026,6,401858482,Ball State @ Northwestern,Northwestern,Ball State,2026-10-10T16:30:00.000Z,total,BET,UNDER 49.5 total points,BUY NO,NO,,,49.5,False,40,0.4,0.0168,0.546,12.9,Northwestern -28.5,46.9,KXNCAAFTOTAL-26OCT10BALLNW-50,Full Game: Over 49.5 points scored,45.0,14.0,True,L,-1.0,kalshi,2026-10-10T21:45:23+00:00,
2026-10-09T23:19:03+00:00,2026,6,401856714,South Carolina @ Florida,Florida,South Carolina,2026-10-10T16:45:00.000Z,spread,BET,"Florida wins by 9 or fewer, or loses",BUY NO,NO,Florida,South Carolina,9.5,,44,0.44,0.0172,0.521,6.4,Florida -8.9,67.0,KXNCAAFSPREAD-26OCT10SCARFLA-FLA10,Florida wins by over 9.5 points,19.0,38.0,False,W,1.1872,kalshi,2026-10-10T21:45:23+00:00,
2026-10-09T23:19:03+00:00,2026,6,401866440,Miami (OH) @ Massachusetts,Massachusetts,Miami (OH),2026-10-10T18:00:00.000Z,total,LEAN,OVER 44.5 total points,BUY YES,YES,,,44.5,False,51,0.51,0.0175,0.533,0.6,Miami (OH) -0.5,45.5,KXNCAAFTOTAL-26OCT10MOHMASS-45,Full Game: Over 44.5 points scored,19.0,20.0,False,L,-1.0,kalshi,2026-10-10T21:45:23+00:00,
2026-10-09T23:19:03+00:00,2026,6,401866435,Eastern Michigan @ Akron,Akron,Eastern Michigan,2026-10-10T19:30:00.000Z,spread,LEAN,"Eastern Michigan wins by 6 or fewer, or loses",BUY NO,NO,Eastern Michigan,Akron,6.5,,53,0.53,0.0174,0.549,0.2,Eastern Michigan -4.8,52.6,KXNCAAFSPREAD-26OCT10EMUAKR-EMU7,Eastern Michigan wins by over 6.5 points,,,,,,,,
2026-10-09T23:19:03+00:00,2026,6,401858259,Virginia Tech @ California,California,Virginia Tech,2026-10-10T19:30:00.000Z,total,BET,OVER 56.5 total points,BUY YES,YES,,,56.5,False,42,0.42,0.0171,0.629,19.2,Virginia Tech -5.6,61.9,KXNCAAFTOTAL-26OCT10VTCAL-57,Full Game: Over 56.5 points scored,,,,,,,,
2026-10-09T23:19:03+00:00,2026,6,401858484,UCLA @ Oregon,Oregon,UCLA,2026-10-10T19:30:00.000Z,winner,PASS,Oregon to WIN the game,BUY YES,YES,Oregon,UCLA,,,79,0.79,0.0116,0.661,-14.1,Oregon -6.5,72.8,KXNCAAFGAME-26OCT10UCLAORE-ORE,Oregon wins,,,,,,,,
2026-10-09T23:19:03+00:00,2026,6,401858484,UCLA @ Oregon,Oregon,UCLA,2026-10-10T19:30:00.000Z,total,BET,OVER 67.5 total points,BUY YES,YES,,,67.5,False,28,0.28,0.0141,0.626,33.2,Oregon -6.5,72.8,KXNCAAFTOTAL-26OCT10UCLAORE-68,Full Game: Over 67.5 points scored,,,,,,,,
2026-10-09T23:19:03+00:00,2026,6,401858255,Duke @ Georgia Tech,Georgia Tech,Duke,2026-10-10T19:30:00.000Z,total,BET,OVER 49.5 total points,BUY YES,YES,,,49.5,False,32,0.32,0.0152,0.628,29.3,Duke -9.2,54.8,KXNCAAFTOTAL-26OCT10DUKEGT-50,Full Game: Over 49.5 points scored,,,,,,,,
2026-10-09T23:19:03+00:00,2026,6,401856825,Houston @ Kansas State,Kansas State,Houston,2026-10-10T19:30:00.000Z,total,BET,OVER 61.5 total points,BUY YES,YES,,,61.5,False,35,0.35,0.0159,0.588,22.2,Houston -0.2,65.1,KXNCAAFTOTAL-26OCT10HOUKSU-62,Full Game: Over 61.5 points scored,,,,,,,,
2026-10-09T23:19:03+00:00,2026,6,401856717,Texas @ Oklahoma,Oklahoma,Texas,2026-10-10T19:30:00.000Z,total,BET,UNDER 33.5 total points,BUY NO,NO,,,33.5,False,32,0.32,0.0152,0.598,26.3,Texas -11.6,28.6,KXNCAAFTOTAL-26OCT10TEXOKLA-34,Full Game: Over 33.5 points scored,,,,,,,,
2026-10-09T23:19:03+00:00,2026,6,401866438,Central Michigan @ Ohio,Ohio,Central Michigan,2026-10-10T19:30:00.000Z,total,BET,UNDER 43.5 total points,BUY NO,NO,,,43.5,False,43,0.43,0.0172,0.521,7.4,Ohio -5.9,42.5,KXNCAAFTOTAL-26OCT10CMUOHIO-44,Full Game: Over 43.5 points scored,,,,,,,,
2026-10-09T23:19:03+00:00,2026,6,401862797,Rice @ East Carolina,East Carolina,Rice,2026-10-10T20:00:00.000Z,winner,PASS,East Carolina to WIN the game,BUY YES,YES,East Carolina,Rice,,,78,0.78,0.012,0.738,-5.4,East Carolina -9.9,40.8,KXNCAAFGAME-26OCT10RICEECU-ECU,East Carolina wins,28.0,12.0,True,W,0.2626,kalshi,2026-10-10T21:45:23+00:00,
2026-10-09T23:19:03+00:00,2026,6,401862797,Rice @ East Carolina,East Carolina,Rice,2026-10-10T20:00:00.000Z,spread,PASS,"East Carolina wins by 21 or fewer, or loses",BUY NO,NO,East Carolina,Rice,21.5,,78,0.78,0.012,0.783,-0.9,East Carolina -9.9,40.8,KXNCAAFSPREAD-26OCT10RICEECU-ECU22,East Carolina wins by over 21.5 points,28.0,12.0,False,W,0.2626,kalshi,2026-10-10T21:45:23+00:00,
2026-10-09T23:19:03+00:00,2026,6,401862798,UAB @ Memphis,Memphis,UAB,2026-10-10T23:00:00.000Z,winner,LEAN,Memphis to WIN the game,BUY YES,YES,Memphis,UAB,,,85,0.85,0.0089,0.868,0.9,Memphis -17.2,57.2,KXNCAAFGAME-26OCT10UABMEM-MEM,Memphis wins,,,,,,,,
2026-10-09T23:19:03+00:00,2026,6,401869943,Coastal Carolina @ Marshall,Marshall,Coastal Carolina,2026-10-10T23:00:00.000Z,total,BET,UNDER 57.5 total points,BUY NO,NO,,,57.5,False,47,0.47,0.0174,0.57,8.2,Marshall -1.4,54.4,KXNCAAFTOTAL-26OCT10CCARMRSH-58,Full Game: Over 57.5 points scored,,,,,,,,
2026-10-09T23:19:03+00:00,2026,6,401864518,North Dakota State @ UNLV,UNLV,North Dakota State,2026-10-10T23:00:00.000Z,winner,BET,North Dakota State to WIN the game,BUY YES,YES,North Dakota State,UNLV,,,56,0.56,0.0172,0.632,5.5,North Dakota State -5.0,45.1,KXNCAAFGAME-26OCT10NDSUUNLV-NDSU,North Dakota St. wins,,,,,,,,
2026-10-09T23:19:03+00:00,2026,6,401864517,Nevada @ UTEP,UTEP,Nevada,2026-10-10T23:00:00.000Z,total,BET,OVER 52.5 total points,BUY YES,YES,,,52.5,False,41,0.41,0.0169,0.506,7.9,Nevada -1.9,52.4,KXNCAAFTOTAL-26OCT10NEVUTEP-53,Full Game: Over 52.5 points scored,,,,,,,,
2026-10-09T23:19:03+00:00,2026,6,401869965,Louisiana @ Louisiana Tech,Louisiana Tech,Louisiana,2026-10-10T23:30:00.000Z,winner,LEAN,Louisiana Tech to WIN the game,BUY YES,YES,Louisiana Tech,Louisiana,,,58,0.58,0.0171,0.636,3.9,Louisiana Tech -5.1,54.9,KXNCAAFGAME-26OCT10ULLLT-LT,Louisiana Tech wins,,,,,,,,
2026-10-09T23:19:03+00:00,2026,6,401869949,James Madison @ Georgia Southern,Georgia Southern,James Madison,2026-10-10T23:30:00.000Z,winner,BET,James Madison to WIN the game,BUY YES,YES,James Madison,Georgia Southern,,,74,0.74,0.0135,0.858,10.4,James Madison -16.7,56.2,KXNCAAFGAME-26OCT10JMUGASO-JMU,James Madison wins,,,,,,,,
2026-10-09T23:19:03+00:00,2026,6,401864516,Air Force @ Northern Illinois,Northern Illinois,Air Force,2026-10-10T23:30:00.000Z,winner,BET,Air Force to WIN the game,BUY YES,YES,Air Force,Northern Illinois,,,73,0.73,0.0138,0.824,8.0,Air Force -14.2,50.0,KXNCAAFGAME-26OCT10AFANIU-AFA,Air Force wins,,,,,,,,
2026-10-09T23:19:03+00:00,2026,6,401858486,Minnesota @ Purdue,Purdue,Minnesota,2026-10-11T00:00:00.000Z,total,BET,OVER 52.5 total points,BUY YES,YES,,,52.5,False,44,0.44,0.0172,0.559,10.1,Minnesota -1.0,54.6,KXNCAAFTOTAL-26OCT10MINNPUR-53,Full Game: Over 52.5 points scored,,,,,,,,
2026-10-10T14:16:18+00:00,2026,6,401862795,Tulane @ Army,Army,Tulane,2026-10-10T16:00:00.000Z,winner,BET,Army to WIN the game,BUY YES,YES,Army,Tulane,,,61,0.61,0.0167,0.677,5.0,Army -6.9,34.7,KXNCAAFGAME-26OCT10TULNARMY-ARMY,Army wins,20.0,17.0,True,W,0.5957,kalshi,2026-10-10T21:45:23+00:00,
2026-10-10T14:16:18+00:00,2026,6,401858260,Wake Forest @ NC State,NC State,Wake Forest,2026-10-10T16:00:00.000Z,total,BET,OVER 56.5 total points,BUY YES,YES,,,56.5,False,50,0.5,0.0175,0.584,6.7,Wake Forest -2.7,60.0,KXNCAAFTOTAL-26OCT10WAKENCST-57,Full Game: Over 56.5 points scored,14.0,38.0,False,L,-1.0,kalshi,2026-10-10T21:45:23+00:00,
2026-10-10T14:16:18+00:00,2026,6,401856823,Arizona @ West Virginia,West Virginia,Arizona,2026-10-10T16:00:00.000Z,spread,BET,Arizona wins by MORE than 7.5,BUY YES,YES,Arizona,West Virginia,7.5,,37,0.37,0.0163,0.502,11.5,Arizona -7.6,63.7,KXNCAAFSPREAD-26OCT10ARIZWVU-ARIZ8,Arizona wins by over 7.5 points,31.0,52.0,True,W,1.5887,kalshi,2026-10-10T21:45:23+00:00,
2026-10-10T14:16:18+00:00,2026,6,401858482,Ball State @ Northwestern,Northwestern,Ball State,2026-10-10T16:30:00.000Z,total,BET,UNDER 50.5 total points,BUY NO,NO,,,50.5,False,41,0.41,0.0169,0.57,14.3,Northwestern -28.4,47.0,KXNCAAFTOTAL-26OCT10BALLNW-51,Full Game: Over 50.5 points scored,45.0,14.0,True,L,-1.0,kalshi,2026-10-10T21:45:23+00:00,
2026-10-10T14:16:18+00:00,2026,6,401869843,Old Dominion @ App State,App State,Old Dominion,2026-10-10T17:00:00.000Z,total,LEAN,OVER 46.5 total points,BUY YES,YES,,,46.5,False,50,0.5,0.0175,0.53,1.2,App State -5.8,47.5,KXNCAAFTOTAL-26OCT10ODUAPP-47,Full Game: Over 46.5 points scored,3.0,10.0,False,L,-1.0,kalshi,2026-10-10T21:45:23+00:00,
2026-10-10T14:16:18+00:00,2026,6,401862797,Rice @ East Carolina,East Carolina,Rice,2026-10-10T17:00:00.000Z,spread,LEAN,"East Carolina wins by 9 or fewer, or loses",BUY NO,NO,East Carolina,Rice,9.5,,48,0.48,0.0175,0.501,0.3,East Carolina -9.9,40.4,KXNCAAFSPREAD-26OCT10RICEECU-ECU10,East Carolina wins by over 9.5 points,28.0,12.0,True,L,-1.0,kalshi,2026-10-10T21:45:23+00:00,
2026-10-10T14:16:18+00:00,2026,6,401858255,Duke @ Georgia Tech,Georgia Tech,Duke,2026-10-10T19:30:00.000Z,winner,LEAN,Duke to WIN the game,BUY YES,YES,Duke,Georgia Tech,,,68,0.68,0.0152,0.724,2.9,Duke -9.2,54.7,KXNCAAFGAME-26OCT10DUKEGT-DUKE,Duke wins,,,,,,,,
2026-10-10T14:16:18+00:00,2026,6,401858255,Duke @ Georgia Tech,Georgia Tech,Duke,2026-10-10T19:30:00.000Z,total,BET,OVER 53.5 total points,BUY YES,YES,,,53.5,False,27,0.27,0.0138,0.532,24.9,Duke -9.2,54.7,KXNCAAFTOTAL-26OCT10DUKEGT-54,Full Game: Over 53.5 points scored,,,,,,,,
2026-10-10T14:16:18+00:00,2026,6,401856717,Texas @ Oklahoma,Oklahoma,Texas,2026-10-10T19:30:00.000Z,spread,BET,Texas wins by MORE than 10.5,BUY YES,YES,Texas,Oklahoma,10.5,,42,0.42,0.0171,0.507,7.0,Texas -11.6,28.7,KXNCAAFSPREAD-26OCT10TEXOKLA-TEX11,Texas wins by over 10.5 points,,,,,,,,
2026-10-10T14:16:18+00:00,2026,6,401856717,Texas @ Oklahoma,Oklahoma,Texas,2026-10-10T19:30:00.000Z,total,BET,UNDER 36.5 total points,BUY NO,NO,,,36.5,False,40,0.4,0.0168,0.675,25.8,Texas -11.6,28.7,KXNCAAFTOTAL-26OCT10TEXOKLA-37,Full Game: Over 36.5 points scored,,,,,,,,
2026-10-10T14:16:18+00:00,2026,6,401856825,Houston @ Kansas State,Kansas State,Houston,2026-10-10T19:30:00.000Z,total,BET,OVER 55.5 total points,BUY YES,YES,,,55.5,False,48,0.48,0.0175,0.72,22.2,Houston -0.3,65.2,KXNCAAFTOTAL-26OCT10HOUKSU-56,Full Game: Over 55.5 points scored,,,,,,,,
2026-10-10T14:16:18+00:00,2026,6,401862796,Charlotte @ North Texas,North Texas,Charlotte,2026-10-10T19:30:00.000Z,spread,BET,North Texas wins by MORE than 23.5,BUY YES,YES,North Texas,Charlotte,23.5,,64,0.64,0.0161,0.728,7.2,North Texas -33.0,74.1,KXNCAAFSPREAD-26OCT10CHARUNT-UNT24,North Texas wins by over 23.5 points,,,,,,,,
2026-10-10T14:16:18+00:00,2026,6,401858483,Maryland @ Ohio State,Ohio State,Maryland,2026-10-10T20:15:00.000Z,winner,PASS,Ohio State to WIN the game,BUY NO,NO,Maryland,Ohio State,,,99,0.99,0.0007,0.976,-1.5,Ohio State -30.8,54.7,KXNCAAFGAME-26OCT10MDOSU-MD,Maryland wins,,,,,,,,
2026-10-10T14:16:18+00:00,2026,6,401858483,Maryland @ Ohio State,Ohio State,Maryland,2026-10-10T20:15:00.000Z,total,LEAN,UNDER 58.5 total points,BUY NO,NO,,,58.5,False,56,0.56,0.0172,0.584,0.7,Ohio State -30.8,54.7,KXNCAAFTOTAL-26OCT10MDOSU-59,Full Game: Over 58.5 points scored,,,,,,,,
2026-10-10T14:16:18+00:00,2026,6,401864516,Air Force @ Northern Illinois,Northern Illinois,Air Force,2026-10-10T23:30:00.000Z,spread,BET,Air Force wins by MORE than 7.5,BUY YES,YES,Air Force,Northern Illinois,7.5,,47,0.47,0.0174,0.658,17.1,Air Force -13.9,49.3,KXNCAAFSPREAD-26OCT10AFANIU-AFA8,Air Force wins by over 7.5 points,,,,,,,,
2026-10-10T14:16:18+00:00,2026,6,401864516,Air Force @ Northern Illinois,Northern Illinois,Air Force,2026-10-10T23:30:00.000Z,total,LEAN,OVER 42.5 total points,BUY YES,YES,,,42.5,False,63,0.63,0.0163,0.664,1.8,Air Force -13.9,49.3,KXNCAAFTOTAL-26OCT10AFANIU-43,Full Game: Over 42.5 points scored,,,,,,,,
2026-10-10T14:16:18+00:00,2026,6,401869965,Louisiana @ Louisiana Tech,Louisiana Tech,Louisiana,2026-10-10T23:30:00.000Z,total,BET,OVER 50.5 total points,BUY YES,YES,,,50.5,False,43,0.43,0.0172,0.604,15.6,Louisiana Tech -5.1,55.0,KXNCAAFTOTAL-26OCT10ULLLT-51,Full Game: Over 50.5 points scored,,,,,,,,
2026-10-10T14:16:18+00:00,2026,6,401869949,James Madison @ Georgia Southern,Georgia Southern,James Madison,2026-10-10T23:30:00.000Z,spread,BET,James Madison wins by MORE than 11.5,BUY YES,YES,James Madison,Georgia Southern,11.5,,40,0.4,0.0168,0.633,21.6,James Madison -16.7,54.0,KXNCAAFSPREAD-26OCT10JMUGASO-JMU12,James Madison wins by over 11.5 points,,,,,,,,
2026-10-10T14:16:18+00:00,2026,6,401869949,James Madison @ Georgia Southern,Georgia Southern,James Madison,2026-10-10T23:30:00.000Z,total,BET,OVER 52.5 total points,BUY YES,YES,,,52.5,False,46,0.46,0.0174,0.537,5.9,James Madison -16.7,54.0,KXNCAAFTOTAL-26OCT10JMUGASO-53,Full Game: Over 52.5 points scored,,,,,,,,
2026-10-10T14:16:18+00:00,2026,6,401858258,Syracuse @ Virginia,Virginia,Syracuse,2026-10-10T23:30:00.000Z,spread,LEAN,Virginia wins by MORE than 7.5,BUY YES,YES,Virginia,Syracuse,7.5,,59,0.59,0.0169,0.653,4.6,Virginia -13.7,52.0,KXNCAAFSPREAD-26OCT10SYRUVA-UVA8,Virginia wins by over 7.5 points,,,,,,,,
2026-10-10T14:16:18+00:00,2026,6,401858485,USC @ Penn State,Penn State,USC,2026-10-10T23:30:00.000Z,spread,LEAN,"USC wins by 1 or fewer, or loses",BUY NO,NO,USC,Penn State,1.5,,56,0.56,0.0172,0.594,1.7,Penn State -2.6,59.6,KXNCAAFSPREAD-26OCT10USCPSU-USC2,USC wins by over 1.5 points,,,,,,,,
2026-10-10T14:16:18+00:00,2026,6,401858485,USC @ Penn State,Penn State,USC,2026-10-10T23:30:00.000Z,total,BET,OVER 57.5 total points,BUY YES,YES,,,57.5,False,43,0.43,0.0172,0.548,10.0,Penn State -2.6,59.6,KXNCAAFTOTAL-26OCT10USCPSU-58,Full Game: Over 57.5 points scored,,,,,,,,
2026-10-10T14:16:18+00:00,2026,6,401856712,Georgia @ Alabama,Alabama,Georgia,2026-10-10T23:30:00.000Z,total,BET,OVER 59.5 total points,BUY YES,YES,,,59.5,False,30,0.3,0.0147,0.745,43.0,Alabama -6.4,70.6,KXNCAAFTOTAL-26OCT10UGAALA-60,Full Game: Over 59.5 points scored,,,,,,,,
2026-10-10T14:16:18+00:00,2026,6,401856827,Kansas @ Utah,Utah,Kansas,2026-10-11T00:00:00.000Z,total,BET,OVER 52.5 total points,BUY YES,YES,,,52.5,False,43,0.43,0.0172,0.635,18.8,Utah -20.0,58.0,KXNCAAFTOTAL-26OCT10KUUTAH-53,Full Game: Over 52.5 points scored,,,,,,,,
2026-10-10T21:45:23+00:00,2026,6,401860902,San Diego State @ Oregon State,Oregon State,San Diego State,2026-10-10T22:00:00.000Z,spread,BET,"Oregon State wins by 9 or fewer, or loses",BUY NO,NO,Oregon State,San Diego State,9.5,,35,0.35,0.0159,0.556,19.0,Oregon State -7.3,44.8,KXNCAAFSPREAD-26OCT10SDSUORST-ORST10,Oregon St. wins by over 9.5 points,,,,,,,,
2026-10-10T21:45:23+00:00,2026,6,401862798,UAB @ Memphis,Memphis,UAB,2026-10-10T23:00:00.000Z,spread,LEAN,Memphis wins by MORE than 7.5,BUY YES,YES,Memphis,UAB,7.5,,68,0.68,0.0152,0.724,2.8,Memphis -17.2,58.2,KXNCAAFSPREAD-26OCT10UABMEM-MEM8,Memphis wins by over 7.5 points,,,,,,,,
2026-10-10T21:45:23+00:00,2026,6,401856715,LSU @ Kentucky,Kentucky,LSU,2026-10-10T23:00:00.000Z,winner,PASS,LSU to WIN the game,BUY YES,YES,LSU,Kentucky,,,75,0.75,0.0131,0.67,-9.3,LSU -6.8,54.7,KXNCAAFGAME-26OCT10LSUUK-LSU,LSU wins,,,,,,,,
2026-10-10T21:45:23+00:00,2026,6,401856715,LSU @ Kentucky,Kentucky,LSU,2026-10-10T23:00:00.000Z,total,BET,OVER 51.5 total points,BUY YES,YES,,,51.5,False,45,0.45,0.0173,0.576,10.8,LSU -6.8,54.7,KXNCAAFTOTAL-26OCT10LSUUK-52,Full Game: Over 51.5 points scored,,,,,,,,
2026-10-10T21:45:23+00:00,2026,6,401869949,James Madison @ Georgia Southern,Georgia Southern,James Madison,2026-10-10T23:30:00.000Z,spread,BET,James Madison wins by MORE than 7.5,BUY YES,YES,James Madison,Georgia Southern,7.5,,49,0.49,0.0175,0.727,21.9,James Madison -16.9,57.1,KXNCAAFSPREAD-26OCT10JMUGASO-JMU8,James Madison wins by over 7.5 points,,,,,,,,
2026-10-10T21:45:23+00:00,2026,6,401864516,Air Force @ Northern Illinois,Northern Illinois,Air Force,2026-10-10T23:30:00.000Z,total,PASS,UNDER 48.5 total points,BUY NO,NO,,,48.5,False,51,0.51,0.0175,0.506,-2.1,Air Force -13.5,48.5,KXNCAAFTOTAL-26OCT10AFANIU-49,Full Game: Over 48.5 points scored,,,,,,,,
2026-10-10T21:45:23+00:00,2026,6,401858258,Syracuse @ Virginia,Virginia,Syracuse,2026-10-10T23:30:00.000Z,spread,LEAN,"Virginia wins by 13 or fewer, or loses",BUY NO,NO,Virginia,Syracuse,13.5,,47,0.47,0.0174,0.503,1.6,Virginia -13.4,51.7,KXNCAAFSPREAD-26OCT10SYRUVA-UVA14,Virginia wins by over 13.5 points,,,,,,,,
2026-10-10T21:45:23+00:00,2026,6,401858486,Minnesota @ Purdue,Purdue,Minnesota,2026-10-11T00:00:00.000Z,spread,LEAN,"Minnesota wins by 1 or fewer, or loses",BUY NO,NO,Minnesota,Purdue,1.5,,46,0.46,0.0174,0.513,3.6,Minnesota -0.5,54.2,KXNCAAFSPREAD-26OCT10MINNPUR-MINN2,Minnesota wins by over 1.5 points,,,,,,,,
2026-10-10T21:45:23+00:00,2026,6,401860901,Boise State @ Fresno State,Fresno State,Boise State,2026-10-11T02:30:00.000Z,spread,BET,"Boise State wins by 6 or fewer, or loses",BUY NO,NO,Boise State,Fresno State,6.5,,41,0.41,0.0169,0.61,18.3,Boise State -2.1,47.5,KXNCAAFSPREAD-26OCT10BSUFRES-BSU7,Boise St. wins by over 6.5 points,,,,,,,,
2026-10-10T21:45:23+00:00,2026,6,401860901,Boise State @ Fresno State,Fresno State,Boise State,2026-10-11T02:30:00.000Z,total,PASS,UNDER 58.5 total points,BUY NO,NO,,,58.5,False,74,0.74,0.0135,0.742,-1.1,Boise State -2.1,47.5,KXNCAAFTOTAL-26OCT10BSUFRES-59,Full Game: Over 58.5 points scored,,,,,,,,
